# strikers-consumer-capture-v1 diagnostics=1 warmup=60 samples=120; nested phases and overlapping threads must not be summed
frame,frame_us,gx_total_us,xf_pos_inspected,xf_pos_unchanged,xf_pos_changed,producer_wait_us,consumer_wait_us,draws,vertices,gpu_vertices,texture_uploads,texture_upload_bytes,geometry_hits,geometry_misses,geometry_bytes,prepared_hits,prepared_misses,prepared_rejected,pool_busy_fallbacks,core3_total_pct_x100,finish_calls,finish_wait_us,display_queue_us,native_texture_hits,native_geometry_hits,native_rejected,scene0_wait_us,scene1_wait_us,scene2_wait_us,scene3_wait_us,core3_telemetry_valid,core3_chunks,core3_denied,core3_telemetry_failures,core3_overruns,native_misses,vertex_delta_copies,vertex_delta_saved_calls,vertex_delta_fallbacks,vertex_delta_copied_bytes,vertex_delta_saved_bytes,native_gpu_geometry_hits,native_gpu_geometry_attempts,xf_tex_inspected,xf_tex_unchanged,xf_tex_changed,xf_normal_inspected,xf_normal_unchanged,xf_normal_changed,xf_post_inspected,xf_post_unchanged,xf_post_changed,tev_decoded_inspected,tev_decoded_skipped,tev_decoded_changed,native_replay_attempts,native_replay_hits,native_replay_fallbacks,native_model_attempts,native_model_draws,native_model_fallbacks,native_model_compiled,native_census_callbacks,native_census_draw_callbacks,native_census_filter_passed,native_census_transport_ready,native_census_eligible,native_census_classifier_mismatches,native_census_reject_null_packet,native_census_reject_no_draw,native_census_reject_view_transition,native_census_reject_not_compiled,native_census_reject_user_data,native_census_reject_missing_streams,native_census_reject_not_display_list,native_census_reject_program,native_census_reject_texconfig,native_census_reject_vertex_count,native_census_reject_primitive,native_census_reject_stream_count,native_census_reject_view,native_census_reject_dirty_state,native_census_reject_dirty_texture,native_census_reject_modifiers,native_census_reject_texture_handles,native_census_reject_matrix,native_census_reject_stream_semantic,native_census_reject_stream_storage,native_census_reject_missing_position,native_census_reject_display_list_size,native_census_reject_worker_inactive,native_census_reject_worker_context,native_census_reject_inside_display_list,native_census_reject_recording_busy,native_census_reject_recipe_limit,native_census_view_0,native_census_view_1,native_census_view_2,native_census_view_3,native_census_view_4,native_census_view_5,native_census_view_6,native_census_view_7,native_census_view_8,native_census_view_9,native_census_view_10,native_census_view_11,native_census_view_12,native_census_view_13,native_census_view_14,native_census_view_15,native_census_view_16,native_census_view_17,native_census_view_18,native_census_view_19,native_census_view_20,native_census_view_21,native_census_view_22,native_census_view_23,native_census_view_24,native_census_view_25,native_census_view_26,native_census_view_27,native_census_view_28,native_census_view_29,native_census_view_30,native_census_view_31,native_census_view_32,native_census_view_33,native_census_view_34,native_census_program_0,native_census_program_1,native_census_program_2,native_census_program_3,native_census_program_4,native_census_program_5,native_census_program_6,native_census_program_7,native_census_program_8,native_census_stage_begin_attempt,native_census_stage_begin_rejected,native_census_stage_known_needs_state,native_census_stage_queue_accepted,native_census_stage_queue_rejected,native_census_stage_capture_sealed,native_census_stage_capture_aborted,native_cache_producer_lookup,native_cache_producer_hit,native_cache_producer_miss,native_cache_producer_insert,native_cache_producer_replace,native_cache_capture_attempt,native_cache_capture_context_reject,native_cache_capture_source_reject,native_cache_capture_busy_reject,native_cache_capture_limit_reject,native_cache_capture_aborted,native_cache_transport_attempt,native_cache_transport_contract_reject,native_cache_transport_pin_reject,native_cache_transport_queue_reject,native_cache_consumer_attempt,native_cache_consumer_hit,native_cache_consumer_disabled,native_cache_consumer_missing,native_cache_consumer_pin,native_cache_consumer_runtime,native_cache_consumer_pipeline,native_cache_consumer_guard,native_cache_consumer_vertex_program,native_cache_consumer_geometry,native_cache_consumer_layout,native_cache_consumer_buffers,native_cache_consumer_textures,native_cache_consumer_texture_modes,native_cache_consumer_insert,native_cache_consumer_replace,native_cache_consumer_clear,native_cache_peak_producer_slots,native_cache_peak_consumer_slots,native_cache_peak_producer_metadata_bytes,native_cache_peak_consumer_metadata_bytes,native_cache_peak_live_recipes,native_cache_peak_recipe_payload_bytes,native_cache_peak_pending_segments,native_cache_peak_pending_pinned_bytes,native_cache_peak_queue_batches,reuse_sampled_frames,reuse_draws,reuse_vertices,reuse_full_hits,reuse_full_hit_vertices,reuse_pn_draws,reuse_pn_vertices,reuse_pn_hits,reuse_pn_hit_vertices,reuse_table_overflows,reuse_skipped_draws,reuse_pn_cross_draw_vertices,reuse_pn_vertex_table_overflows,vertex_decode_us,vertex_transform_us,texture_resolve_us,pipeline_resolve_us,command_build_us,submit_us,efb_copy_us,present_us,buffer_upload_us,stream_wait_us,vertex_pack_us,geometry_cache_us,draw_frontend_us,state_translate_us,geometry_key_us,geometry_validate_us,state_pipeline_us,state_key_us,state_vertex_us,state_memo_us,state_layout_us,fixed_uniform_build_us,fixed_uniform_publish_us
618,86145,56331641,0,0,0,55259,1054,291,74377,69452,0,0,157338,9930,8385770,0,0,0,0,3628,94,3994462,30,117,0,0,0,0,0,0,1,111606,5954,0,770,5121,0,0,0,0,0,302,2815,0,0,0,0,0,0,0,0,0,0,0,0,0,0,0,0,0,0,0,225005,216140,0,216140,0,0,0,0,0,0,182554,0,22316,175423,216140,54831,96686,0,214910,30170,0,71572,216140,0,216140,19779,0,0,0,0,0,0,0,0,0,692,146533,0,0,1230,0,0,0,0,42873,4713,2732,0,0,1230,513,0,7192,4920,2038,0,0,0,0,0,0,0,16,0,1458,0,0,0,1987,0,40717,0,139810,28023,1056,4547,0,0,0,0,0,0,0,0,0,0,0,0,0,0,0,0,0,0,0,0,0,0,0,0,0,0,0,0,0,0,0,0,0,0,0,0,0,0,0,0,0,0,0,0,0,0,0,0,8,0,0,0,0,0,0,0,0,0,0,0,0,0,8340,0,999,169,2924,5083,0,144,64,3,0,8079,38177,7503,0,0,2621,668,1382,680,964,735,838
619,59259,56370432,0,0,0,24654,1062,290,74367,69452,0,0,157559,9939,8385770,0,0,0,0,4080,94,3994462,76,117,0,0,0,0,0,0,1,111682,5954,0,770,5121,0,0,0,0,0,302,2815,0,0,0,0,0,0,0,0,0,0,0,0,0,0,0,0,0,0,0,225311,216430,0,216430,0,0,0,0,0,0,182799,0,22359,175650,216430,54899,96875,0,215198,30190,0,71642,216430,0,216430,19886,0,0,0,0,0,0,0,0,0,693,146644,0,0,1232,0,0,0,0,43007,4723,2738,0,0,1232,513,0,7199,4928,2038,0,0,0,0,0,0,0,16,0,1467,0,0,0,1996,0,40780,0,139922,28124,1056,4552,0,0,0,0,0,0,0,0,0,0,0,0,0,0,0,0,0,0,0,0,0,0,0,0,0,0,0,0,0,0,0,0,0,0,0,0,0,0,0,0,0,0,0,0,0,0,0,0,8,0,0,0,0,0,0,0,0,0,0,0,0,0,7408,0,1050,158,2912,5372,0,318,58,4,0,2111,32462,7485,0,0,2771,698,1369,667,991,752,905
620,58030,56408909,0,0,0,24674,1275,291,74618,69707,0,0,157781,9948,8385770,0,0,0,0,5430,94,3994462,31,117,0,0,0,0,0,0,1,111757,5954,0,770,5121,0,0,0,0,0,302,2815,0,0,0,0,0,0,0,0,0,0,0,0,0,0,0,0,0,0,0,225618,216721,0,216721,0,0,0,0,0,0,183045,0,22402,175878,216721,54967,97064,0,215487,30210,0,71712,216721,0,216721,19993,0,0,0,0,0,0,0,0,0,694,146756,0,0,1234,0,0,0,0,43141,4733,2744,0,0,1234,513,0,7206,4936,2038,0,0,0,0,0,0,0,16,0,1476,0,0,0,2005,0,40843,0,140035,28225,1056,4557,0,0,0,0,0,0,0,0,0,0,0,0,0,0,0,0,0,0,0,0,0,0,0,0,0,0,0,0,0,0,0,0,0,0,0,0,0,0,0,0,0,0,0,0,0,0,0,0,8,0,0,0,0,0,0,0,0,0,0,0,0,0,7441,0,967,173,2887,5449,0,149,64,4,0,2087,32175,7281,0,0,2583,678,1377,637,975,773,838
621,58035,56446726,0,0,0,23290,1127,280,71588,66687,0,0,157995,9957,8385770,0,0,0,0,4209,94,3994462,34,117,0,0,0,0,0,0,1,111832,5954,0,770,5121,0,0,0,0,0,302,2815,0,0,0,0,0,0,0,0,0,0,0,0,0,0,0,0,0,0,0,225914,217001,0,217001,0,0,0,0,0,0,183282,0,22442,176102,217001,55032,97246,0,215765,30229,0,71774,217001,0,217001,20100,0,0,0,0,0,0,0,0,0,695,146865,0,0,1236,0,0,0,0,43273,4740,2748,0,0,1236,513,0,7212,4944,2038,0,0,0,0,0,0,0,16,0,1485,0,0,0,2014,0,40899,0,140145,28326,1056,4561,0,0,0,0,0,0,0,0,0,0,0,0,0,0,0,0,0,0,0,0,0,0,0,0,0,0,0,0,0,0,0,0,0,0,0,0,0,0,0,0,0,0,0,0,0,0,0,0,8,0,0,0,0,0,0,0,0,0,0,0,0,0,7429,0,977,235,2895,5113,0,168,64,4,0,2033,31515,7153,0,0,2519,671,1386,624,977,760,872
622,83482,56492731,0,0,0,39250,1111,284,72328,68410,0,0,158213,9966,8388244,0,0,0,0,3562,95,4025542,33,117,0,0,0,0,0,0,1,111918,5954,0,770,5131,0,0,0,0,0,302,2820,0,0,0,0,0,0,0,0,0,0,0,0,0,0,0,0,0,0,0,226214,217285,0,217285,0,0,0,0,0,0,183523,0,22482,176330,217285,55097,97428,0,216047,30248,0,71836,217285,0,217285,20207,0,0,0,0,0,0,0,0,0,696,146978,0,0,1238,0,0,0,0,43405,4747,2752,0,0,1238,513,0,7218,4952,2038,0,0,0,0,0,0,0,16,0,1494,0,0,0,2023,0,40955,0,140259,28427,1056,4565,0,0,0,0,0,0,0,0,0,0,0,0,0,0,0,0,0,0,0,0,0,0,0,0,0,0,0,0,0,0,0,0,0,0,0,0,0,0,0,0,0,0,0,0,0,0,0,0,8,0,0,0,0,0,0,0,0,0,0,0,0,0,6819,0,933,144,2963,5067,0,172,64,4,0,11953,39799,7155,0,0,2439,647,1425,623,1052,766,847
623,75231,56528517,0,0,0,21853,1096,284,72330,68410,0,0,158435,9971,8388244,0,0,0,0,3287,95,4025542,32,117,0,0,0,0,0,0,1,111976,5954,0,770,5131,0,0,0,0,0,302,2820,0,0,0,0,0,0,0,0,0,0,0,0,0,0,0,0,0,0,0,226514,217569,0,217569,0,0,0,0,0,0,183764,0,22522,176558,217569,55162,97610,0,216329,30267,0,71898,217569,0,217569,20314,0,0,0,0,0,0,0,0,0,697,147091,0,0,1240,0,0,0,0,43537,4754,2756,0,0,1240,513,0,7224,4960,2038,0,0,0,0,0,0,0,16,0,1503,0,0,0,2032,0,41011,0,140373,28528,1056,4569,0,0,0,0,0,0,0,0,0,0,0,0,0,0,0,0,0,0,0,0,0,0,0,0,0,0,0,0,0,0,0,0,0,0,0,0,0,0,0,0,0,0,0,0,0,0,0,0,8,0,0,0,0,0,0,0,0,0,0,0,0,0,5704,0,955,145,2867,5303,0,158,51,6,0,1972,29732,7175,0,0,2600,821,1330,608,984,757,850
624,65891,56564691,0,0,0,21983,1067,287,72920,68996,0,0,158660,9976,8388244,0,0,0,0,3632,95,4025542,31,117,0,0,0,0,0,0,1,112034,5954,0,770,5131,0,0,0,0,0,302,2820,0,0,0,0,0,0,0,0,0,0,0,0,0,0,0,0,0,0,0,226817,217856,0,217856,0,0,0,0,0,0,184008,0,22562,176789,217856,55227,97794,0,216614,30287,0,71962,217856,0,217856,20421,0,0,0,0,0,0,0,0,0,698,147207,0,0,1242,0,0,0,0,43669,4761,2760,0,0,1242,513,0,7230,4968,2038,0,0,0,0,0,0,0,16,0,1512,0,0,0,2041,0,41067,0,140489,28629,1056,4574,0,0,0,0,0,0,0,0,0,0,0,0,0,0,0,0,0,0,0,0,0,0,0,0,0,0,0,0,0,0,0,0,0,0,0,0,0,0,0,0,0,0,0,0,0,0,0,0,8,0,0,0,0,0,0,0,0,0,0,0,0,0,5671,0,989,141,2985,5214,0,158,57,3,0,2042,30048,7264,0,0,2509,679,1386,649,1016,821,890
625,84759,56626731,0,0,0,22586,26607,289,72551,68563,2,5120,158882,9981,8388244,0,0,0,0,4152,95,4025542,31,117,0,0,0,0,0,0,1,112091,5954,0,770,5133,0,0,0,0,0,302,2820,0,0,0,0,0,0,0,0,0,0,0,0,0,0,0,0,0,0,0,227122,218145,0,218145,0,0,0,0,0,0,184253,0,22603,177022,218145,55298,97982,0,216901,30306,0,72024,218145,0,218145,20528,0,0,0,0,0,0,0,0,0,699,147324,0,0,1244,0,0,0,0,43801,4768,2764,0,0,1244,513,0,7236,4976,2038,0,0,0,0,0,0,0,16,0,1522,0,0,0,2051,0,41123,0,140606,28730,1056,4579,0,0,0,0,0,0,0,0,0,0,0,0,0,0,0,0,0,0,0,0,0,0,0,0,0,0,0,0,0,0,0,0,0,0,0,0,0,0,0,0,0,0,0,0,0,0,0,0,8,0,0,0,0,0,0,0,0,0,0,0,0,0,6139,0,26441,184,2876,5070,0,146,59,4,0,2044,55822,7109,0,0,2458,659,1345,623,1007,780,855
626,84349,56671982,0,0,0,47712,1014,272,67550,64917,0,0,159092,9986,8383220,0,0,0,0,2557,96,4057078,32,117,0,0,0,0,0,0,1,112163,5954,0,770,5143,0,0,0,0,0,302,2825,0,0,0,0,0,0,0,0,0,0,0,0,0,0,0,0,0,0,0,227410,218417,0,218417,0,0,0,0,0,0,184481,0,22645,177237,218417,55363,98157,0,217171,30325,0,72087,218417,0,218417,20625,0,0,0,0,0,0,0,0,0,700,147433,0,0,1246,0,0,0,0,43924,4775,2768,0,0,1246,513,0,7242,4984,2038,0,0,0,0,0,0,0,16,0,1532,0,0,0,2061,0,41180,0,140715,28821,1056,4584,0,0,0,0,0,0,0,0,0,0,0,0,0,0,0,0,0,0,0,0,0,0,0,0,0,0,0,0,0,0,0,0,0,0,0,0,0,0,0,0,0,0,0,0,0,0,0,0,8,0,0,0,0,0,0,0,0,0,0,0,0,0,4837,0,952,152,3032,5089,0,163,54,6,0,13962,39127,6872,0,0,2511,634,1302,611,955,755,904
627,53477,56704744,0,0,0,19942,1067,272,67550,64917,0,0,159306,9987,8383220,0,0,0,0,3167,96,4057078,52,117,0,0,0,0,0,0,1,112194,5954,0,770,5143,0,0,0,0,0,302,2825,0,0,0,0,0,0,0,0,0,0,0,0,0,0,0,0,0,0,0,227698,218689,0,218689,0,0,0,0,0,0,184709,0,22687,177452,218689,55428,98332,0,217441,30344,0,72150,218689,0,218689,20722,0,0,0,0,0,0,0,0,0,701,147542,0,0,1248,0,0,0,0,44047,4782,2772,0,0,1248,513,0,7248,4992,2038,0,0,0,0,0,0,0,16,0,1542,0,0,0,2071,0,41237,0,140824,28912,1056,4589,0,0,0,0,0,0,0,0,0,0,0,0,0,0,0,0,0,0,0,0,0,0,0,0,0,0,0,0,0,0,0,0,0,0,0,0,0,0,0,0,0,0,0,0,0,0,0,0,8,0,0,0,0,0,0,0,0,0,0,0,0,0,3783,0,992,150,2724,5017,0,245,51,5,0,1917,26774,6797,0,0,2435,640,1266,622,930,742,818
628,49188,56737390,0,0,0,19522,1150,272,67542,64917,0,0,159520,9988,8383220,0,0,0,0,1222,96,4057078,33,117,0,0,0,0,0,0,1,112226,5954,0,770,5143,0,0,0,0,0,302,2825,0,0,0,0,0,0,0,0,0,0,0,0,0,0,0,0,0,0,0,227986,218961,0,218961,0,0,0,0,0,0,184937,0,22729,177667,218961,55493,98507,0,217711,30363,0,72213,218961,0,218961,20819,0,0,0,0,0,0,0,0,0,702,147651,0,0,1250,0,0,0,0,44170,4789,2776,0,0,1250,513,0,7254,5000,2038,0,0,0,0,0,0,0,16,0,1552,0,0,0,2081,0,41294,0,140933,29003,1056,4594,0,0,0,0,0,0,0,0,0,0,0,0,0,0,0,0,0,0,0,0,0,0,0,0,0,0,0,0,0,0,0,0,0,0,0,0,0,0,0,0,0,0,0,0,0,0,0,0,8,0,0,0,0,0,0,0,0,0,0,0,0,0,3888,0,959,145,2686,4934,0,210,53,4,0,1895,26821,6856,0,0,2423,648,1279,618,1012,724,823
629,53632,56770283,0,0,0,19890,1131,272,67602,64917,0,0,159734,9989,8383220,0,0,0,0,1950,96,4057078,31,117,0,0,0,0,0,0,1,112260,5954,0,770,5143,0,0,0,0,0,302,2825,0,0,0,0,0,0,0,0,0,0,0,0,0,0,0,0,0,0,0,228274,219233,0,219233,0,0,0,0,0,0,185165,0,22771,177882,219233,55557,98682,0,217981,30382,0,72276,219233,0,219233,20916,0,0,0,0,0,0,0,0,0,703,147760,0,0,1252,0,0,0,0,44293,4796,2780,0,0,1252,513,0,7260,5008,2038,0,0,0,0,0,0,0,16,0,1562,0,0,0,2091,0,41351,0,141042,29094,1056,4599,0,0,0,0,0,0,0,0,0,0,0,0,0,0,0,0,0,0,0,0,0,0,0,0,0,0,0,0,0,0,0,0,0,0,0,0,0,0,0,0,0,0,0,0,0,0,0,0,8,0,0,0,0,0,0,0,0,0,0,0,0,0,3901,0,1022,151,2720,4852,0,166,60,10,0,1919,26985,6948,0,0,2608,650,1270,612,926,732,818
630,76174,56805424,0,0,0,32994,1039,272,67594,65538,0,0,159948,9990,8365972,0,0,0,0,2351,97,4089244,33,117,0,0,0,0,0,0,1,112297,5954,0,770,5145,0,0,0,0,0,302,2826,0,0,0,0,0,0,0,0,0,0,0,0,0,0,0,0,0,0,0,228562,219505,0,219505,0,0,0,0,0,0,185393,0,22813,178097,219505,55621,98857,0,218251,30401,0,72339,219505,0,219505,21013,0,0,0,0,0,0,0,0,0,704,147869,0,0,1254,0,0,0,0,44416,4803,2784,0,0,1254,513,0,7266,5016,2038,0,0,0,0,0,0,0,16,0,1572,0,0,0,2101,0,41408,0,141151,29185,1056,4604,0,0,0,0,0,0,0,0,0,0,0,0,0,0,0,0,0,0,0,0,0,0,0,0,0,0,0,0,0,0,0,0,0,0,0,0,0,0,0,0,0,0,0,0,0,0,0,0,8,0,0,0,0,0,0,0,0,0,0,0,0,0,3194,0,938,131,2854,5140,0,173,51,3,0,5045,28992,6738,0,0,2398,644,1282,603,913,748,856
631,57150,56838547,0,0,0,17941,1075,271,67658,65538,0,0,160163,9990,8365972,0,0,0,0,2292,97,4089244,38,117,0,0,0,0,0,0,1,112322,5954,0,770,5145,0,0,0,0,0,302,2826,0,0,0,0,0,0,0,0,0,0,0,0,0,0,0,0,0,0,0,228849,219776,0,219776,0,0,0,0,0,0,185620,0,22854,178312,219776,55683,99031,0,218520,30420,0,72401,219776,0,219776,21110,0,0,0,0,0,0,0,0,0,705,147978,0,0,1256,0,0,0,0,44538,4810,2788,0,0,1256,513,0,7272,5024,2038,0,0,0,0,0,0,0,16,0,1582,0,0,0,2111,0,41464,0,141260,29276,1056,4609,0,0,0,0,0,0,0,0,0,0,0,0,0,0,0,0,0,0,0,0,0,0,0,0,0,0,0,0,0,0,0,0,0,0,0,0,0,0,0,0,0,0,0,0,0,0,0,0,8,0,0,0,0,0,0,0,0,0,0,0,0,0,3051,0,1004,133,3102,5102,0,189,52,4,0,2012,26901,7011,0,0,2512,684,1338,617,966,778,1034
632,50313,56871143,0,0,0,18662,1139,281,72405,70285,0,0,160388,9990,8365972,0,0,0,0,1912,97,4089244,31,117,0,0,0,0,0,0,1,112346,5954,0,770,5145,0,0,0,0,0,302,2826,0,0,0,0,0,0,0,0,0,0,0,0,0,0,0,0,0,0,0,229146,220057,0,220057,0,0,0,0,0,0,185857,0,22895,178537,220057,55746,99215,0,218799,30439,0,72463,220057,0,220057,21217,0,0,0,0,0,0,0,0,0,706,148087,0,0,1258,0,0,0,0,44670,4817,2792,0,0,1258,513,0,7278,5032,2038,0,0,0,0,0,0,0,16,0,1592,0,0,0,2121,0,41520,0,141369,29377,1056,4614,0,0,0,0,0,0,0,0,0,0,0,0,0,0,0,0,0,0,0,0,0,0,0,0,0,0,0,0,0,0,0,0,0,0,0,0,0,0,0,0,0,0,0,0,0,0,0,0,8,0,0,0,0,0,0,0,0,0,0,0,0,0,2913,0,986,133,3029,5212,0,149,58,5,0,2077,26735,6777,0,0,2346,644,1306,585,959,771,968
633,113175,56935581,0,0,0,50247,1024,286,72493,70285,2,43648,160613,9990,8365972,0,0,0,0,1946,97,4089244,32,117,0,0,0,0,0,0,1,112369,5954,0,770,5147,0,0,0,0,0,302,2826,0,0,0,0,0,0,0,0,0,0,0,0,0,0,0,0,0,0,0,229448,220343,0,220343,0,0,0,0,0,0,186095,0,22941,178762,220343,55813,99404,0,219083,30458,0,72526,220343,0,220343,21324,0,0,0,0,0,0,0,0,0,707,148196,0,0,1260,0,0,0,0,44803,4824,2796,0,0,1260,513,0,7288,5040,2038,0,0,0,0,0,0,0,16,0,1602,0,0,0,2131,0,41581,0,141478,29478,1056,4619,0,0,0,0,0,0,0,0,0,0,0,0,0,0,0,0,0,0,0,0,0,0,0,0,0,0,0,0,0,0,0,0,0,0,0,0,0,0,0,0,0,0,0,0,0,0,0,0,8,0,0,0,0,0,0,0,0,0,0,0,0,0,3209,0,31788,156,3004,5396,0,151,55,5,0,1984,58347,7153,0,0,2563,668,1355,618,952,768,937
634,90233,56970899,0,0,0,20742,1024,293,72670,70461,0,0,160840,9990,8365972,0,0,0,0,1712,97,4089244,32,117,0,0,0,0,0,0,1,112394,5954,0,770,5147,0,0,0,0,0,302,2826,0,0,0,0,0,0,0,0,0,0,0,0,0,0,0,0,0,0,0,229756,220636,0,220636,0,0,0,0,0,0,186341,0,22986,178995,220636,55886,99597,0,219374,30477,0,72589,220636,0,220636,21431,0,0,0,0,0,0,0,0,0,708,148313,0,0,1262,0,0,0,0,44936,4831,2800,0,0,1262,513,0,7297,5048,2038,0,0,0,0,0,0,0,16,0,1612,0,0,0,2141,0,41641,0,141595,29579,1056,4624,0,0,0,0,0,0,0,0,0,0,0,0,0,0,0,0,0,0,0,0,0,0,0,0,0,0,0,0,0,0,0,0,0,0,0,0,0,0,0,0,0,0,0,0,0,0,0,0,8,0,0,0,0,0,0,0,0,0,0,0,0,0,3391,0,995,178,3084,5918,0,167,62,4,0,2170,28974,7382,0,0,2618,688,1388,646,1044,767,969
635,62921,57005770,0,0,0,20365,1057,293,72658,70461,0,0,161067,9990,8365972,0,0,0,0,2074,97,4089244,31,117,0,0,0,0,0,0,1,112419,5954,0,770,5147,0,0,0,0,0,302,2826,0,0,0,0,0,0,0,0,0,0,0,0,0,0,0,0,0,0,0,230064,220929,0,220929,0,0,0,0,0,0,186587,0,23031,179228,220929,55959,99790,0,219665,30496,0,72652,220929,0,220929,21538,0,0,0,0,0,0,0,0,0,709,148430,0,0,1264,0,0,0,0,45069,4838,2804,0,0,1264,513,0,7306,5056,2038,0,0,0,0,0,0,0,16,0,1622,0,0,0,2151,0,41701,0,141712,29680,1056,4629,0,0,0,0,0,0,0,0,0,0,0,0,0,0,0,0,0,0,0,0,0,0,0,0,0,0,0,0,0,0,0,0,0,0,0,0,0,0,0,0,0,0,0,0,0,0,0,0,8,0,0,0,0,0,0,0,0,0,0,0,0,0,3350,0,1006,156,3038,5395,0,155,54,3,0,2071,28496,7567,0,0,2751,706,1392,647,1027,802,938
636,51777,57040965,0,0,0,20978,1043,292,72686,70553,0,0,161295,9990,8365972,0,0,0,0,1685,97,4089244,32,117,0,0,0,0,0,0,1,112443,5954,0,770,5147,0,0,0,0,0,302,2826,0,0,0,0,0,0,0,0,0,0,0,0,0,0,0,0,0,0,0,230371,221221,0,221221,0,0,0,0,0,0,186834,0,23074,179462,221221,56031,99981,0,219955,30515,0,72715,221221,0,221221,21645,0,0,0,0,0,0,0,0,0,710,148548,0,0,1266,0,0,0,0,45202,4845,2808,0,0,1266,513,0,7313,5064,2038,0,0,0,0,0,0,0,16,0,1632,0,0,0,2161,0,41759,0,141830,29781,1056,4634,0,0,0,0,0,0,0,0,0,0,0,0,0,0,0,0,0,0,0,0,0,0,0,0,0,0,0,0,0,0,0,0,0,0,0,0,0,0,0,0,0,0,0,0,0,0,0,0,8,0,0,0,0,0,0,0,0,0,0,0,0,0,3225,0,999,153,3227,6030,0,162,56,3,0,2047,28829,7348,0,0,2655,716,1380,669,1025,766,1116
637,69042,57075400,0,0,0,20062,1047,291,72674,70553,0,0,161523,9990,8365972,0,0,0,0,1966,97,4089244,34,117,0,0,0,0,0,0,1,112468,5954,0,770,5147,0,0,0,0,0,302,2826,0,0,0,0,0,0,0,0,0,0,0,0,0,0,0,0,0,0,0,230677,221512,0,221512,0,0,0,0,0,0,187081,0,23116,179696,221512,56102,100171,0,220244,30534,0,72778,221512,0,221512,21752,0,0,0,0,0,0,0,0,0,711,148666,0,0,1268,0,0,0,0,45335,4852,2812,0,0,1268,513,0,7319,5072,2038,0,0,0,0,0,0,0,16,0,1642,0,0,0,2171,0,41816,0,141948,29882,1056,4639,0,0,0,0,0,0,0,0,0,0,0,0,0,0,0,0,0,0,0,0,0,0,0,0,0,0,0,0,0,0,0,0,0,0,0,0,0,0,0,0,0,0,0,0,0,0,0,0,8,0,0,0,0,0,0,0,0,0,0,0,0,0,3243,0,987,147,3146,5476,0,171,61,4,0,2032,28138,7308,0,0,2544,689,1436,625,1029,773,1004
638,58875,57109509,0,0,0,19572,1136,292,73099,70986,0,0,161754,9990,8365972,0,0,0,0,2202,97,4089244,32,117,0,0,0,0,0,0,1,112493,5954,0,770,5147,0,0,0,0,0,302,2826,0,0,0,0,0,0,0,0,0,0,0,0,0,0,0,0,0,0,0,230984,221804,0,221804,0,0,0,0,0,0,187330,0,23156,179933,221804,56170,100360,0,220534,30554,0,72842,221804,0,221804,21859,0,0,0,0,0,0,0,0,0,712,148787,0,0,1270,0,0,0,0,45467,4859,2816,0,0,1270,513,0,7324,5080,2038,0,0,0,0,0,0,0,16,0,1652,0,0,0,2181,0,41871,0,142069,29983,1056,4644,0,0,0,0,0,0,0,0,0,0,0,0,0,0,0,0,0,0,0,0,0,0,0,0,0,0,0,0,0,0,0,0,0,0,0,0,0,0,0,0,0,0,0,0,0,0,0,0,8,0,0,0,0,0,0,0,0,0,0,0,0,0,3073,0,973,128,3124,5299,0,154,50,5,0,2094,27748,7298,0,0,2586,682,1366,645,1049,777,1044
639,54908,57143392,0,0,0,19363,1037,289,73020,70957,0,0,161984,9990,8365972,0,0,0,0,1739,97,4089244,54,117,0,0,0,0,0,0,1,112518,5954,0,770,5147,0,0,0,0,0,302,2826,0,0,0,0,0,0,0,0,0,0,0,0,0,0,0,0,0,0,0,231288,222093,0,222093,0,0,0,0,0,0,187576,0,23196,180167,222093,56235,100546,0,220821,30574,0,72906,222093,0,222093,21966,0,0,0,0,0,0,0,0,0,713,148905,0,0,1272,0,0,0,0,45599,4866,2820,0,0,1272,513,0,7329,5088,2038,0,0,0,0,0,0,0,16,0,1662,0,0,0,2191,0,41926,0,142187,30084,1056,4649,0,0,0,0,0,0,0,0,0,0,0,0,0,0,0,0,0,0,0,0,0,0,0,0,0,0,0,0,0,0,0,0,0,0,0,0,0,0,0,0,0,0,0,0,0,0,0,0,8,0,0,0,0,0,0,0,0,0,0,0,0,0,2837,0,976,135,3194,5565,0,184,55,7,0,2052,27802,7136,0,0,2513,685,1349,626,1005,796,1056
640,51474,57177026,0,0,0,18942,1172,283,72388,70371,0,0,162211,9990,8365972,0,0,0,0,1884,97,4089244,34,117,0,0,0,0,0,0,1,112542,5954,0,770,5147,0,0,0,0,0,302,2826,0,0,0,0,0,0,0,0,0,0,0,0,0,0,0,0,0,0,0,231586,222376,0,222376,0,0,0,0,0,0,187817,0,23235,180396,222376,56297,100727,0,221102,30593,0,72968,222376,0,222376,22073,0,0,0,0,0,0,0,0,0,714,149018,0,0,1274,0,0,0,0,45731,4873,2824,0,0,1274,513,0,7333,5096,2038,0,0,0,0,0,0,0,16,0,1672,0,0,0,2201,0,41980,0,142301,30185,1056,4653,0,0,0,0,0,0,0,0,0,0,0,0,0,0,0,0,0,0,0,0,0,0,0,0,0,0,0,0,0,0,0,0,0,0,0,0,0,0,0,0,0,0,0,0,0,0,0,0,8,0,0,0,0,0,0,0,0,0,0,0,0,0,2725,0,1020,124,3394,5418,0,181,54,22,0,2054,27465,6980,0,0,2481,678,1323,621,985,927,1111
641,60984,57211909,0,0,0,19278,1092,284,72460,70371,0,0,162438,9990,8365972,0,0,0,0,2320,97,4089244,33,117,0,0,0,0,0,0,1,112567,5954,0,770,5147,0,0,0,0,0,302,2826,0,0,0,0,0,0,0,0,0,0,0,0,0,0,0,0,0,0,0,231885,222660,0,222660,0,0,0,0,0,0,188058,0,23275,180625,222660,56359,100909,0,221384,30612,0,73030,222660,0,222660,22180,0,0,0,0,0,0,0,0,0,715,149131,0,0,1276,0,0,0,0,45863,4880,2828,0,0,1276,513,0,7338,5104,2038,0,0,0,0,0,0,0,16,0,1682,0,0,0,2211,0,42035,0,142415,30286,1056,4657,0,0,0,0,0,0,0,0,0,0,0,0,0,0,0,0,0,0,0,0,0,0,0,0,0,0,0,0,0,0,0,0,0,0,0,0,0,0,0,0,0,0,0,0,0,0,0,0,8,0,0,0,0,0,0,0,0,0,0,0,0,0,2812,0,999,128,3490,6188,0,169,48,7,0,2084,28703,7167,0,0,2537,686,1363,631,1001,789,1258
642,52566,57247223,0,0,0,20052,1053,296,75868,73779,0,0,162676,9990,8365972,0,0,0,0,1897,97,4089244,30,117,0,0,0,0,0,0,1,112593,5954,0,770,5147,0,0,0,0,0,302,2826,0,0,0,0,0,0,0,0,0,0,0,0,0,0,0,0,0,0,0,232196,222956,0,222956,0,0,0,0,0,0,188310,0,23316,180861,222956,56422,101096,0,221678,30633,0,73101,222956,0,222956,22287,0,0,0,0,0,0,0,0,0,716,149250,0,0,1278,0,0,0,0,45996,4890,2834,0,0,1278,513,0,7343,5112,2038,0,0,0,0,0,0,0,16,0,1692,0,0,0,2221,0,42095,0,142535,30387,1056,4662,0,0,0,0,0,0,0,0,0,0,0,0,0,0,0,0,0,0,0,0,0,0,0,0,0,0,0,0,0,0,0,0,0,0,0,0,0,0,0,0,0,0,0,0,0,0,0,0,8,0,0,0,0,0,0,0,0,0,0,0,0,0,2822,0,1001,129,3386,5930,0,161,53,7,0,2138,28830,7395,0,0,2610,727,1376,644,1033,810,1126
643,54972,57281050,0,0,0,19792,1072,292,75120,73043,0,0,162910,9990,8365972,0,0,0,0,1809,97,4089244,32,117,0,0,0,0,0,0,1,112617,5954,0,770,5147,0,0,0,0,0,302,2826,0,0,0,0,0,0,0,0,0,0,0,0,0,0,0,0,0,0,0,232503,223248,0,223248,0,0,0,0,0,0,188558,0,23357,181093,223248,56485,101283,0,221968,30654,0,73172,223248,0,223248,22394,0,0,0,0,0,0,0,0,0,717,149365,0,0,1280,0,0,0,0,46129,4900,2840,0,0,1280,513,0,7348,5120,2038,0,0,0,0,0,0,0,16,0,1702,0,0,0,2231,0,42155,0,142651,30488,1056,4667,0,0,0,0,0,0,0,0,0,0,0,0,0,0,0,0,0,0,0,0,0,0,0,0,0,0,0,0,0,0,0,0,0,0,0,0,0,0,0,0,0,0,0,0,0,0,0,0,8,0,0,0,0,0,0,0,0,0,0,0,0,0,2887,0,980,126,3153,5293,0,155,51,8,0,2058,27507,7123,0,0,2577,707,1315,633,977,798,993
644,50834,57314875,0,0,0,19780,1082,293,75300,73251,0,0,163145,9990,8365972,0,0,0,0,2024,97,4089244,31,117,0,0,0,0,0,0,1,112642,5954,0,770,5147,0,0,0,0,0,302,2826,0,0,0,0,0,0,0,0,0,0,0,0,0,0,0,0,0,0,0,232811,223541,0,223541,0,0,0,0,0,0,188807,0,23398,181326,223541,56548,101474,0,222259,30676,0,73245,223541,0,223541,22501,0,0,0,0,0,0,0,0,0,718,149481,0,0,1282,0,0,0,0,46262,4910,2846,0,0,1282,513,0,7353,5128,2038,0,0,0,0,0,0,0,16,0,1712,0,0,0,2241,0,42215,0,142768,30589,1056,4672,0,0,0,0,0,0,0,0,0,0,0,0,0,0,0,0,0,0,0,0,0,0,0,0,0,0,0,0,0,0,0,0,0,0,0,0,0,0,0,0,0,0,0,0,0,0,0,0,8,0,0,0,0,0,0,0,0,0,0,0,0,0,2860,0,956,127,3114,5386,0,149,53,6,0,2062,27540,7265,0,0,2579,698,1313,649,1000,794,983
645,53593,57348495,0,0,0,19557,1031,292,75013,72996,0,0,163379,9990,8365972,0,0,0,0,2047,97,4089244,31,117,0,0,0,0,0,0,1,112666,5954,0,770,5147,0,0,0,0,0,302,2826,0,0,0,0,0,0,0,0,0,0,0,0,0,0,0,0,0,0,0,233118,223833,0,223833,0,0,0,0,0,0,189055,0,23439,181558,223833,56613,101665,0,222549,30698,0,73318,223833,0,223833,22608,0,0,0,0,0,0,0,0,0,719,149596,0,0,1284,0,0,0,0,46395,4920,2852,0,0,1284,513,0,7358,5136,2038,0,0,0,0,0,0,0,16,0,1722,0,0,0,2251,0,42275,0,142884,30690,1056,4677,0,0,0,0,0,0,0,0,0,0,0,0,0,0,0,0,0,0,0,0,0,0,0,0,0,0,0,0,0,0,0,0,0,0,0,0,0,0,0,0,0,0,0,0,0,0,0,0,8,0,0,0,0,0,0,0,0,0,0,0,0,0,2780,0,1060,129,3127,5507,0,153,60,4,0,2021,27491,7162,0,0,2575,680,1318,641,972,805,996
646,54625,57382477,0,0,0,19983,1031,293,75463,73474,0,0,163614,9990,8365972,0,0,0,0,1705,97,4089244,32,117,0,0,0,0,0,0,1,112689,5954,0,770,5147,0,0,0,0,0,302,2826,0,0,0,0,0,0,0,0,0,0,0,0,0,0,0,0,0,0,0,233426,224126,0,224126,0,0,0,0,0,0,189304,0,23480,181791,224126,56677,101856,0,222840,30720,0,73391,224126,0,224126,22715,0,0,0,0,0,0,0,0,0,720,149712,0,0,1286,0,0,0,0,46528,4930,2858,0,0,1286,513,0,7363,5144,2038,0,0,0,0,0,0,0,16,0,1732,0,0,0,2261,0,42335,0,143001,30791,1056,4682,0,0,0,0,0,0,0,0,0,0,0,0,0,0,0,0,0,0,0,0,0,0,0,0,0,0,0,0,0,0,0,0,0,0,0,0,0,0,0,0,0,0,0,0,0,0,0,0,8,0,0,0,0,0,0,0,0,0,0,0,0,0,2715,0,1000,119,3172,5889,0,165,55,5,0,2061,27760,7137,0,0,2548,699,1329,638,978,777,1038
647,55886,57416362,0,0,0,19895,1055,290,75242,73285,0,0,163847,9990,8365972,0,0,0,0,2103,97,4089244,38,117,0,0,0,0,0,0,1,112711,5954,0,770,5147,0,0,0,0,0,302,2826,0,0,0,0,0,0,0,0,0,0,0,0,0,0,0,0,0,0,0,233731,224416,0,224416,0,0,0,0,0,0,189551,0,23520,182022,224416,56740,102045,0,223128,30742,0,73464,224416,0,224416,22822,0,0,0,0,0,0,0,0,0,721,149826,0,0,1288,0,0,0,0,46661,4940,2864,0,0,1288,513,0,7367,5152,2038,0,0,0,0,0,0,0,16,0,1742,0,0,0,2271,0,42394,0,143116,30892,1056,4687,0,0,0,0,0,0,0,0,0,0,0,0,0,0,0,0,0,0,0,0,0,0,0,0,0,0,0,0,0,0,0,0,0,0,0,0,0,0,0,0,0,0,0,0,0,0,0,0,8,0,0,0,0,0,0,0,0,0,0,0,0,0,2783,0,975,129,3173,5427,0,183,53,8,0,2085,27677,7254,0,0,2666,730,1336,656,972,786,1017
648,49177,57448834,0,0,0,19465,1098,276,70363,68410,0,0,164066,9990,8365972,0,0,0,0,1810,97,4089244,30,117,0,0,0,0,0,0,1,112732,5954,0,770,5147,0,0,0,0,0,302,2826,0,0,0,0,0,0,0,0,0,0,0,0,0,0,0,0,0,0,0,234022,224692,0,224692,0,0,0,0,0,0,189784,0,23560,182239,224692,56803,102220,0,223402,30764,0,73537,224692,0,224692,22916,0,0,0,0,0,0,0,0,0,722,149939,0,0,1290,0,0,0,0,46781,4950,2870,0,0,1290,513,0,7371,5160,2038,0,0,0,0,0,0,0,16,0,1752,0,0,0,2281,0,42453,0,143230,30980,1056,4692,0,0,0,0,0,0,0,0,0,0,0,0,0,0,0,0,0,0,0,0,0,0,0,0,0,0,0,0,0,0,0,0,0,0,0,0,0,0,0,0,0,0,0,0,0,0,0,0,8,0,0,0,0,0,0,0,0,0,0,0,0,0,2762,0,959,133,2937,5033,0,147,52,6,0,2019,26552,7154,0,0,2699,758,1255,640,1014,735,944
649,52083,57480638,0,0,0,18294,1030,275,70131,68173,0,0,164284,9990,8365972,0,0,0,0,2172,97,4089244,31,117,0,0,0,0,0,0,1,112755,5954,0,770,5147,0,0,0,0,0,302,2826,0,0,0,0,0,0,0,0,0,0,0,0,0,0,0,0,0,0,0,234312,224967,0,224967,0,0,0,0,0,0,190017,0,23599,182456,224967,56866,102392,0,223675,30785,0,73608,224967,0,224967,23010,0,0,0,0,0,0,0,0,0,723,150052,0,0,1292,0,0,0,0,46901,4960,2876,0,0,1292,513,0,7374,5168,2038,0,0,0,0,0,0,0,16,0,1762,0,0,0,2291,0,42511,0,143344,31068,1056,4697,0,0,0,0,0,0,0,0,0,0,0,0,0,0,0,0,0,0,0,0,0,0,0,0,0,0,0,0,0,0,0,0,0,0,0,0,0,0,0,0,0,0,0,0,0,0,0,0,8,0,0,0,0,0,0,0,0,0,0,0,0,0,2646,0,937,152,2955,5143,0,149,51,2,0,1887,26040,6927,0,0,2489,665,1272,620,944,799,930
650,45833,57510272,0,0,0,17614,1035,259,63922,61970,0,0,164487,9990,8365972,0,0,0,0,1444,97,4089244,30,117,0,0,0,0,0,0,1,112779,5954,0,770,5147,0,0,0,0,0,302,2826,0,0,0,0,0,0,0,0,0,0,0,0,0,0,0,0,0,0,0,234586,225226,0,225226,0,0,0,0,0,0,190234,0,23638,182657,225226,56928,102555,0,223932,30804,0,73675,225226,0,225226,23095,0,0,0,0,0,0,0,0,0,724,150161,0,0,1294,0,0,0,0,47009,4970,2882,0,0,1294,513,0,7377,5176,2038,0,0,0,0,0,0,0,16,0,1772,0,0,0,2301,0,42569,0,143451,31147,1056,4702,0,0,0,0,0,0,0,0,0,0,0,0,0,0,0,0,0,0,0,0,0,0,0,0,0,0,0,0,0,0,0,0,0,0,0,0,0,0,0,0,0,0,0,0,0,0,0,0,8,0,0,0,0,0,0,0,0,0,0,0,0,0,2696,0,879,123,2663,4670,0,147,50,6,0,1683,24183,6376,0,0,2341,613,1147,600,887,673,840
651,54904,57540651,0,0,0,18046,1029,258,63699,61735,0,0,164688,9990,8365972,0,0,0,0,2023,97,4089244,31,117,0,0,0,0,0,0,1,112802,5954,0,770,5147,0,0,0,0,0,302,2826,0,0,0,0,0,0,0,0,0,0,0,0,0,0,0,0,0,0,0,234859,225484,0,225484,0,0,0,0,0,0,190449,0,23678,182856,225484,56991,102719,0,224188,30823,0,73742,225484,0,225484,23180,0,0,0,0,0,0,0,0,0,725,150269,0,0,1296,0,0,0,0,47116,4980,2888,0,0,1296,513,0,7381,5184,2038,0,0,0,0,0,0,0,16,0,1782,0,0,0,2311,0,42628,0,143556,31226,1056,4707,0,0,0,0,0,0,0,0,0,0,0,0,0,0,0,0,0,0,0,0,0,0,0,0,0,0,0,0,0,0,0,0,0,0,0,0,0,0,0,0,0,0,0,0,0,0,0,0,8,0,0,0,0,0,0,0,0,0,0,0,0,0,2690,0,892,135,2790,5007,0,158,53,5,0,1694,24970,6569,0,0,2425,625,1182,605,923,670,934
652,46922,57570179,0,0,0,17513,1051,256,63001,61037,0,0,164887,9990,8365972,0,0,0,0,1974,97,4089244,32,117,0,0,0,0,0,0,1,112825,5954,0,770,5147,0,0,0,0,0,302,2826,0,0,0,0,0,0,0,0,0,0,0,0,0,0,0,0,0,0,0,235130,225740,0,225740,0,0,0,0,0,0,190662,0,23718,183053,225740,57054,102883,0,224442,30841,0,73807,225740,0,225740,23265,0,0,0,0,0,0,0,0,0,726,150375,0,0,1298,0,0,0,0,47223,4990,2894,0,0,1298,513,0,7385,5192,2038,0,0,0,0,0,0,0,16,0,1792,0,0,0,2321,0,42687,0,143658,31305,1056,4713,0,0,0,0,0,0,0,0,0,0,0,0,0,0,0,0,0,0,0,0,0,0,0,0,0,0,0,0,0,0,0,0,0,0,0,0,0,0,0,0,0,0,0,0,0,0,0,0,8,0,0,0,0,0,0,0,0,0,0,0,0,0,2673,0,842,155,2656,4666,0,154,55,7,0,1666,24283,6491,0,0,2366,627,1219,588,891,667,850
653,57547,57599569,0,0,0,17821,1144,256,63001,61037,0,0,165086,9990,8365972,0,0,0,0,1555,97,4089244,36,117,0,0,0,0,0,0,1,112848,5954,0,770,5147,0,0,0,0,0,302,2826,0,0,0,0,0,0,0,0,0,0,0,0,0,0,0,0,0,0,0,235401,225996,0,225996,0,0,0,0,0,0,190875,0,23758,183250,225996,57117,103047,0,224696,30859,0,73872,225996,0,225996,23350,0,0,0,0,0,0,0,0,0,727,150481,0,0,1300,0,0,0,0,47330,5000,2900,0,0,1300,513,0,7389,5200,2038,0,0,0,0,0,0,0,16,0,1802,0,0,0,2331,0,42746,0,143760,31384,1056,4719,0,0,0,0,0,0,0,0,0,0,0,0,0,0,0,0,0,0,0,0,0,0,0,0,0,0,0,0,0,0,0,0,0,0,0,0,0,0,0,0,0,0,0,0,0,0,0,0,8,0,0,0,0,0,0,0,0,0,0,0,0,0,2629,0,844,131,2674,4669,0,182,57,3,0,1682,24114,6488,0,0,2353,615,1167,596,887,680,851
654,46133,57629056,0,0,0,18222,1109,255,62965,61037,0,0,165285,9990,8365972,0,0,0,0,1972,97,4089244,32,117,0,0,0,0,0,0,1,112871,5954,0,770,5147,0,0,0,0,0,302,2826,0,0,0,0,0,0,0,0,0,0,0,0,0,0,0,0,0,0,0,235671,226251,0,226251,0,0,0,0,0,0,191088,0,23797,183447,226251,57179,103210,0,224949,30877,0,73937,226251,0,226251,23435,0,0,0,0,0,0,0,0,0,728,150587,0,0,1302,0,0,0,0,47437,5010,2906,0,0,1302,513,0,7392,5208,2038,0,0,0,0,0,0,0,16,0,1812,0,0,0,2341,0,42804,0,143862,31463,1056,4725,0,0,0,0,0,0,0,0,0,0,0,0,0,0,0,0,0,0,0,0,0,0,0,0,0,0,0,0,0,0,0,0,0,0,0,0,0,0,0,0,0,0,0,0,0,0,0,0,8,0,0,0,0,0,0,0,0,0,0,0,0,0,2651,0,865,120,2653,4837,0,159,52,6,0,1653,24187,6358,0,0,2379,606,1152,659,861,688,857
655,48865,57658354,0,0,0,17730,1043,255,62953,61037,0,0,165484,9990,8365972,0,0,0,0,1770,97,4089244,30,117,0,0,0,0,0,0,1,112893,5954,0,770,5147,0,0,0,0,0,302,2826,0,0,0,0,0,0,0,0,0,0,0,0,0,0,0,0,0,0,0,235941,226506,0,226506,0,0,0,0,0,0,191301,0,23836,183644,226506,57242,103373,0,225202,30895,0,74002,226506,0,226506,23520,0,0,0,0,0,0,0,0,0,729,150693,0,0,1304,0,0,0,0,47544,5020,2912,0,0,1304,513,0,7395,5216,2038,0,0,0,0,0,0,0,16,0,1822,0,0,0,2351,0,42862,0,143964,31542,1056,4731,0,0,0,0,0,0,0,0,0,0,0,0,0,0,0,0,0,0,0,0,0,0,0,0,0,0,0,0,0,0,0,0,0,0,0,0,0,0,0,0,0,0,0,0,0,0,0,0,8,0,0,0,0,0,0,0,0,0,0,0,0,0,2653,0,849,121,2635,4852,0,156,54,3,0,1647,24108,6328,0,0,2297,599,1188,579,855,665,847
656,46659,57687232,0,0,0,17271,1035,250,61629,59717,0,0,165678,9990,8365972,0,0,0,0,2105,97,4089244,30,117,0,0,0,0,0,0,1,112915,5954,0,770,5147,0,0,0,0,0,302,2826,0,0,0,0,0,0,0,0,0,0,0,0,0,0,0,0,0,0,0,236206,226756,0,226756,0,0,0,0,0,0,191509,0,23875,183836,226756,57305,103536,0,225450,30913,0,74067,226756,0,226756,23605,0,0,0,0,0,0,0,0,0,730,150794,0,0,1306,0,0,0,0,47651,5030,2918,0,0,1306,513,0,7398,5224,2038,0,0,0,0,0,0,0,16,0,1832,0,0,0,2361,0,42920,0,144061,31621,1056,4737,0,0,0,0,0,0,0,0,0,0,0,0,0,0,0,0,0,0,0,0,0,0,0,0,0,0,0,0,0,0,0,0,0,0,0,0,0,0,0,0,0,0,0,0,0,0,0,0,8,0,0,0,0,0,0,0,0,0,0,0,0,0,2580,0,818,121,2564,4801,0,154,47,3,0,1606,23708,6180,0,0,2293,611,1129,579,856,669,796
657,49389,57716342,0,0,0,17485,1058,250,61601,59717,0,0,165872,9990,8365972,0,0,0,0,1656,97,4089244,32,117,0,0,0,0,0,0,1,112938,5954,0,770,5147,0,0,0,0,0,302,2826,0,0,0,0,0,0,0,0,0,0,0,0,0,0,0,0,0,0,0,236471,227006,0,227006,0,0,0,0,0,0,191717,0,23914,184028,227006,57368,103699,0,225698,30931,0,74132,227006,0,227006,23690,0,0,0,0,0,0,0,0,0,731,150895,0,0,1308,0,0,0,0,47758,5040,2924,0,0,1308,513,0,7401,5232,2038,0,0,0,0,0,0,0,16,0,1842,0,0,0,2371,0,42978,0,144158,31700,1056,4743,0,0,0,0,0,0,0,0,0,0,0,0,0,0,0,0,0,0,0,0,0,0,0,0,0,0,0,0,0,0,0,0,0,0,0,0,0,0,0,0,0,0,0,0,0,0,0,0,8,0,0,0,0,0,0,0,0,0,0,0,0,0,2672,0,810,121,2709,4694,0,160,52,6,0,1617,23943,6348,0,0,2326,632,1137,571,880,653,898
658,46949,57746221,0,0,0,17386,1052,254,63146,61266,0,0,166071,9990,8365972,0,0,0,0,2043,97,4089244,31,117,0,0,0,0,0,0,1,112961,5954,0,770,5147,0,0,0,0,0,302,2826,0,0,0,0,0,0,0,0,0,0,0,0,0,0,0,0,0,0,0,236740,227260,0,227260,0,0,0,0,0,0,191930,0,23952,184225,227260,57431,103861,0,225950,30949,0,74197,227260,0,227260,23775,0,0,0,0,0,0,0,0,0,732,151001,0,0,1310,0,0,0,0,47865,5050,2930,0,0,1310,513,0,7403,5240,2038,0,0,0,0,0,0,0,16,0,1852,0,0,0,2381,0,43035,0,144260,31779,1056,4749,0,0,0,0,0,0,0,0,0,0,0,0,0,0,0,0,0,0,0,0,0,0,0,0,0,0,0,0,0,0,0,0,0,0,0,0,0,0,0,0,0,0,0,0,0,0,0,0,8,0,0,0,0,0,0,0,0,0,0,0,0,0,2568,0,864,130,2830,4673,0,154,52,6,0,1687,24337,6529,0,0,2407,618,1220,613,881,694,961
659,50147,57776443,0,0,0,17537,1033,254,63146,61266,0,0,166270,9990,8365972,0,0,0,0,1786,97,4089244,33,117,0,0,0,0,0,0,1,112983,5954,0,770,5147,0,0,0,0,0,302,2826,0,0,0,0,0,0,0,0,0,0,0,0,0,0,0,0,0,0,0,237009,227514,0,227514,0,0,0,0,0,0,192143,0,23990,184422,227514,57494,104023,0,226202,30967,0,74262,227514,0,227514,23860,0,0,0,0,0,0,0,0,0,733,151107,0,0,1312,0,0,0,0,47972,5060,2936,0,0,1312,513,0,7405,5248,2038,0,0,0,0,0,0,0,16,0,1862,0,0,0,2391,0,43092,0,144362,31858,1056,4755,0,0,0,0,0,0,0,0,0,0,0,0,0,0,0,0,0,0,0,0,0,0,0,0,0,0,0,0,0,0,0,0,0,0,0,0,0,0,0,0,0,0,0,0,0,0,0,0,8,0,0,0,0,0,0,0,0,0,0,0,0,0,2582,0,879,126,2878,4880,0,155,48,4,0,1705,24792,6528,0,0,2428,629,1211,613,897,678,995
660,80385,57806538,0,0,0,18422,1067,254,63146,61266,0,0,166469,9990,8365972,0,0,0,0,1824,97,4089244,30,117,0,0,0,0,0,0,1,113003,5954,0,770,5147,0,0,0,0,0,302,2826,0,0,0,0,0,0,0,0,0,0,0,0,0,0,0,0,0,0,0,237278,227768,0,227768,0,0,0,0,0,0,192356,0,24028,184619,227768,57557,104185,0,226454,30985,0,74327,227768,0,227768,23945,0,0,0,0,0,0,0,0,0,734,151213,0,0,1314,0,0,0,0,48079,5070,2942,0,0,1314,513,0,7407,5256,2038,0,0,0,0,0,0,0,16,0,1872,0,0,0,2401,0,43149,0,144464,31937,1056,4761,0,0,0,0,0,0,0,0,0,0,0,0,0,0,0,0,0,0,0,0,0,0,0,0,0,0,0,0,0,0,0,0,0,0,0,0,0,0,0,0,0,0,0,0,0,0,0,0,8,0,0,0,0,0,0,0,0,0,0,0,0,0,2596,0,839,124,2602,5321,0,33999,55,3,0,1644,24669,6508,0,0,2352,613,1280,602,869,673,820
661,49156,57835839,0,0,0,16936,34882,254,63146,61266,0,0,166668,9990,8365972,0,0,0,0,1841,97,4089244,33,117,0,0,0,0,0,0,1,113025,5954,0,770,5147,0,0,0,0,0,302,2826,0,0,0,0,0,0,0,0,0,0,0,0,0,0,0,0,0,0,0,237547,228022,0,228022,0,0,0,0,0,0,192569,0,24066,184816,228022,57620,104347,0,226706,31003,0,74392,228022,0,228022,24030,0,0,0,0,0,0,0,0,0,735,151319,0,0,1316,0,0,0,0,48186,5080,2948,0,0,1316,513,0,7409,5264,2038,0,0,0,0,0,0,0,16,0,1882,0,0,0,2411,0,43206,0,144566,32016,1056,4767,0,0,0,0,0,0,0,0,0,0,0,0,0,0,0,0,0,0,0,0,0,0,0,0,0,0,0,0,0,0,0,0,0,0,0,0,0,0,0,0,0,0,0,0,0,0,0,0,8,0,0,0,0,0,0,0,0,0,0,0,0,0,2523,0,879,124,2639,4556,0,164,56,4,0,1731,23925,6435,0,0,2354,615,1179,592,878,681,809
662,45745,57865064,0,0,0,17806,1095,254,63146,61266,0,0,166867,9990,8365972,0,0,0,0,1029,97,4089244,31,117,0,0,0,0,0,0,1,113042,5954,0,770,5147,0,0,0,0,0,302,2826,0,0,0,0,0,0,0,0,0,0,0,0,0,0,0,0,0,0,0,237816,228276,0,228276,0,0,0,0,0,0,192782,0,24104,185013,228276,57683,104509,0,226958,31021,0,74457,228276,0,228276,24115,0,0,0,0,0,0,0,0,0,736,151425,0,0,1318,0,0,0,0,48293,5090,2954,0,0,1318,513,0,7411,5272,2038,0,0,0,0,0,0,0,16,0,1892,0,0,0,2421,0,43263,0,144668,32095,1056,4773,0,0,0,0,0,0,0,0,0,0,0,0,0,0,0,0,0,0,0,0,0,0,0,0,0,0,0,0,0,0,0,0,0,0,0,0,0,0,0,0,0,0,0,0,0,0,0,0,8,0,0,0,0,0,0,0,0,0,0,0,0,0,2559,0,957,193,2625,4591,0,182,59,3,0,1642,23929,6366,0,0,2332,601,1136,594,866,653,813
663,49677,57894480,0,0,0,17842,1162,254,63146,61266,0,0,167066,9990,8365972,0,0,0,0,1849,97,4089244,32,117,0,0,0,0,0,0,1,113063,5954,0,770,5147,0,0,0,0,0,302,2826,0,0,0,0,0,0,0,0,0,0,0,0,0,0,0,0,0,0,0,238085,228530,0,228530,0,0,0,0,0,0,192995,0,24142,185210,228530,57746,104671,0,227210,31039,0,74522,228530,0,228530,24200,0,0,0,0,0,0,0,0,0,737,151531,0,0,1320,0,0,0,0,48400,5100,2960,0,0,1320,513,0,7413,5280,2038,0,0,0,0,0,0,0,16,0,1902,0,0,0,2431,0,43320,0,144770,32174,1056,4779,0,0,0,0,0,0,0,0,0,0,0,0,0,0,0,0,0,0,0,0,0,0,0,0,0,0,0,0,0,0,0,0,0,0,0,0,0,0,0,0,0,0,0,0,0,0,0,0,8,0,0,0,0,0,0,0,0,0,0,0,0,0,2626,0,855,124,2599,4471,0,152,50,3,0,1700,24039,6577,0,0,2438,630,1160,595,968,650,796
664,58651,57925021,0,0,0,18359,1073,254,63146,61266,0,0,167265,9990,8365972,0,0,0,0,2547,97,4089244,33,117,0,0,0,0,0,0,1,113085,5954,0,770,5147,0,0,0,0,0,302,2826,0,0,0,0,0,0,0,0,0,0,0,0,0,0,0,0,0,0,0,238354,228784,0,228784,0,0,0,0,0,0,193208,0,24180,185407,228784,57809,104833,0,227462,31057,0,74587,228784,0,228784,24285,0,0,0,0,0,0,0,0,0,738,151637,0,0,1322,0,0,0,0,48507,5110,2966,0,0,1322,513,0,7415,5288,2038,0,0,0,0,0,0,0,16,0,1912,0,0,0,2441,0,43377,0,144872,32253,1056,4785,0,0,0,0,0,0,0,0,0,0,0,0,0,0,0,0,0,0,0,0,0,0,0,0,0,0,0,0,0,0,0,0,0,0,0,0,0,0,0,0,0,0,0,0,0,0,0,0,8,0,0,0,0,0,0,0,0,0,0,0,0,0,2523,0,859,159,2861,5205,0,161,54,15,0,1707,25009,6573,0,0,2330,611,1188,598,905,674,996
665,49597,57954369,0,0,0,17554,1049,254,63146,61266,0,0,167464,9990,8365972,0,0,0,0,1808,97,4089244,34,117,0,0,0,0,0,0,1,113107,5954,0,770,5147,0,0,0,0,0,302,2826,0,0,0,0,0,0,0,0,0,0,0,0,0,0,0,0,0,0,0,238623,229038,0,229038,0,0,0,0,0,0,193421,0,24218,185604,229038,57872,104995,0,227714,31075,0,74652,229038,0,229038,24370,0,0,0,0,0,0,0,0,0,739,151743,0,0,1324,0,0,0,0,48614,5120,2972,0,0,1324,513,0,7417,5296,2038,0,0,0,0,0,0,0,16,0,1922,0,0,0,2451,0,43434,0,144974,32332,1056,4791,0,0,0,0,0,0,0,0,0,0,0,0,0,0,0,0,0,0,0,0,0,0,0,0,0,0,0,0,0,0,0,0,0,0,0,0,0,0,0,0,0,0,0,0,0,0,0,0,8,0,0,0,0,0,0,0,0,0,0,0,0,0,2480,0,827,119,2644,4776,0,165,50,3,0,1739,24043,6454,0,0,2462,616,1140,605,854,678,827
666,51883,57983456,0,0,0,17277,1049,254,63146,61266,0,0,167663,9990,8365972,0,0,0,0,1704,97,4089244,38,117,0,0,0,0,0,0,1,113129,5954,0,770,5147,0,0,0,0,0,302,2826,0,0,0,0,0,0,0,0,0,0,0,0,0,0,0,0,0,0,0,238892,229292,0,229292,0,0,0,0,0,0,193634,0,24256,185801,229292,57935,105157,0,227966,31093,0,74717,229292,0,229292,24455,0,0,0,0,0,0,0,0,0,740,151849,0,0,1326,0,0,0,0,48721,5130,2978,0,0,1326,513,0,7419,5304,2038,0,0,0,0,0,0,0,16,0,1932,0,0,0,2461,0,43491,0,145076,32411,1056,4797,0,0,0,0,0,0,0,0,0,0,0,0,0,0,0,0,0,0,0,0,0,0,0,0,0,0,0,0,0,0,0,0,0,0,0,0,0,0,0,0,0,0,0,0,0,0,0,0,8,0,0,0,0,0,0,0,0,0,0,0,0,0,2515,0,837,125,2649,4566,0,189,47,4,0,1741,23812,6367,0,0,2349,623,1143,588,869,664,858
667,49554,58012485,0,0,0,17288,1221,253,63046,61166,0,0,167861,9990,8365972,0,0,0,0,2042,97,4089244,35,117,0,0,0,0,0,0,1,113151,5954,0,770,5147,0,0,0,0,0,302,2826,0,0,0,0,0,0,0,0,0,0,0,0,0,0,0,0,0,0,0,239160,229545,0,229545,0,0,0,0,0,0,193846,0,24294,185997,229545,57998,105319,0,228217,31111,0,74782,229545,0,229545,24540,0,0,0,0,0,0,0,0,0,741,151954,0,0,1328,0,0,0,0,48828,5140,2984,0,0,1328,513,0,7421,5312,2038,0,0,0,0,0,0,0,16,0,1942,0,0,0,2471,0,43548,0,145178,32490,1056,4802,0,0,0,0,0,0,0,0,0,0,0,0,0,0,0,0,0,0,0,0,0,0,0,0,0,0,0,0,0,0,0,0,0,0,0,0,0,0,0,0,0,0,0,0,0,0,0,0,8,0,0,0,0,0,0,0,0,0,0,0,0,0,2576,0,841,126,2605,4648,0,178,49,10,0,1649,23830,6368,0,0,2369,618,1161,608,891,663,818
668,51252,58041559,0,0,0,17594,1126,253,63046,61166,0,0,168059,9990,8365972,0,0,0,0,1805,97,4089244,63,117,0,0,0,0,0,0,1,113173,5954,0,770,5147,0,0,0,0,0,302,2826,0,0,0,0,0,0,0,0,0,0,0,0,0,0,0,0,0,0,0,239428,229798,0,229798,0,0,0,0,0,0,194058,0,24332,186193,229798,58061,105481,0,228468,31129,0,74847,229798,0,229798,24625,0,0,0,0,0,0,0,0,0,742,152059,0,0,1330,0,0,0,0,48935,5150,2990,0,0,1330,513,0,7423,5320,2038,0,0,0,0,0,0,0,16,0,1952,0,0,0,2481,0,43605,0,145280,32569,1056,4807,0,0,0,0,0,0,0,0,0,0,0,0,0,0,0,0,0,0,0,0,0,0,0,0,0,0,0,0,0,0,0,0,0,0,0,0,0,0,0,0,0,0,0,0,0,0,0,0,8,0,0,0,0,0,0,0,0,0,0,0,0,0,2553,0,842,127,2592,4644,0,192,57,3,0,1748,23839,6333,0,0,2356,604,1153,580,853,652,817
669,49608,58071315,0,0,0,18110,1136,253,63046,61166,0,0,168257,9990,8365972,0,0,0,0,2433,97,4089244,35,117,0,0,0,0,0,0,1,113193,5954,0,770,5147,0,0,0,0,0,302,2826,0,0,0,0,0,0,0,0,0,0,0,0,0,0,0,0,0,0,0,239696,230051,0,230051,0,0,0,0,0,0,194270,0,24370,186389,230051,58124,105643,0,228719,31147,0,74912,230051,0,230051,24710,0,0,0,0,0,0,0,0,0,743,152164,0,0,1332,0,0,0,0,49042,5160,2996,0,0,1332,513,0,7425,5328,2038,0,0,0,0,0,0,0,16,0,1962,0,0,0,2491,0,43662,0,145382,32648,1056,4812,0,0,0,0,0,0,0,0,0,0,0,0,0,0,0,0,0,0,0,0,0,0,0,0,0,0,0,0,0,0,0,0,0,0,0,0,0,0,0,0,0,0,0,0,0,0,0,0,8,0,0,0,0,0,0,0,0,0,0,0,0,0,2653,0,953,122,2616,4756,0,184,54,4,0,1691,24274,6493,0,0,2471,725,1149,607,863,666,808
670,45709,58100546,0,0,0,17606,1087,253,63046,61166,0,0,168455,9990,8365972,0,0,0,0,1783,97,4089244,33,117,0,0,0,0,0,0,1,113214,5954,0,770,5147,0,0,0,0,0,302,2826,0,0,0,0,0,0,0,0,0,0,0,0,0,0,0,0,0,0,0,239964,230304,0,230304,0,0,0,0,0,0,194482,0,24408,186585,230304,58187,105805,0,228970,31165,0,74977,230304,0,230304,24795,0,0,0,0,0,0,0,0,0,744,152269,0,0,1334,0,0,0,0,49149,5170,3002,0,0,1334,513,0,7427,5336,2038,0,0,0,0,0,0,0,16,0,1972,0,0,0,2501,0,43719,0,145484,32727,1056,4817,0,0,0,0,0,0,0,0,0,0,0,0,0,0,0,0,0,0,0,0,0,0,0,0,0,0,0,0,0,0,0,0,0,0,0,0,0,0,0,0,0,0,0,0,0,0,0,0,8,0,0,0,0,0,0,0,0,0,0,0,0,0,2554,0,851,118,2831,4578,0,180,51,3,0,1654,23976,6396,0,0,2352,616,1169,593,861,663,954
671,49893,58130097,0,0,0,17963,1158,255,63682,61802,0,0,168655,9990,8365972,0,0,0,0,2193,97,4089244,35,117,0,0,0,0,0,0,1,113236,5954,0,770,5147,0,0,0,0,0,302,2826,0,0,0,0,0,0,0,0,0,0,0,0,0,0,0,0,0,0,0,240234,230559,0,230559,0,0,0,0,0,0,194696,0,24446,186783,230559,58250,105969,0,229223,31184,0,75044,230559,0,230559,24880,0,0,0,0,0,0,0,0,0,745,152376,0,0,1336,0,0,0,0,49256,5180,3008,0,0,1336,513,0,7429,5344,2038,0,0,0,0,0,0,0,16,0,1982,0,0,0,2511,0,43776,0,145588,32806,1056,4822,0,0,0,0,0,0,0,0,0,0,0,0,0,0,0,0,0,0,0,0,0,0,0,0,0,0,0,0,0,0,0,0,0,0,0,0,0,0,0,0,0,0,0,0,0,0,0,0,8,0,0,0,0,0,0,0,0,0,0,0,0,0,2516,0,856,124,2679,4732,0,174,53,3,0,1735,24194,6394,0,0,2371,619,1174,622,853,685,844
672,49635,58161375,0,0,0,18744,1305,256,63714,61834,0,0,168856,9990,8365972,0,0,0,0,1920,97,4089244,32,117,0,0,0,0,0,0,1,113258,5954,0,770,5147,0,0,0,0,0,302,2826,0,0,0,0,0,0,0,0,0,0,0,0,0,0,0,0,0,0,0,240505,230815,0,230815,0,0,0,0,0,0,194911,0,24484,186982,230815,58313,106133,0,229477,31203,0,75111,230815,0,230815,24965,0,0,0,0,0,0,0,0,0,746,152484,0,0,1338,0,0,0,0,49363,5190,3014,0,0,1338,513,0,7431,5352,2038,0,0,0,0,0,0,0,16,0,1992,0,0,0,2521,0,43833,0,145693,32885,1056,4827,0,0,0,0,0,0,0,0,0,0,0,0,0,0,0,0,0,0,0,0,0,0,0,0,0,0,0,0,0,0,0,0,0,0,0,0,0,0,0,0,0,0,0,0,0,0,0,0,8,0,0,0,0,0,0,0,0,0,0,0,0,0,2530,0,992,131,3086,5136,0,176,50,8,0,1778,25606,6704,0,0,2480,665,1235,627,921,703,1107
673,57384,58191160,0,0,0,17175,1086,256,63714,61834,0,0,169057,9990,8365972,0,0,0,0,2320,97,4089244,31,117,0,0,0,0,0,0,1,113280,5954,0,770,5147,0,0,0,0,0,302,2826,0,0,0,0,0,0,0,0,0,0,0,0,0,0,0,0,0,0,0,240776,231071,0,231071,0,0,0,0,0,0,195126,0,24522,187181,231071,58376,106297,0,229731,31222,0,75178,231071,0,231071,25050,0,0,0,0,0,0,0,0,0,747,152592,0,0,1340,0,0,0,0,49470,5200,3020,0,0,1340,513,0,7433,5360,2038,0,0,0,0,0,0,0,16,0,2002,0,0,0,2531,0,43890,0,145798,32964,1056,4832,0,0,0,0,0,0,0,0,0,0,0,0,0,0,0,0,0,0,0,0,0,0,0,0,0,0,0,0,0,0,0,0,0,0,0,0,0,0,0,0,0,0,0,0,0,0,0,0,8,0,0,0,0,0,0,0,0,0,0,0,0,0,2531,0,907,127,2689,4630,0,150,55,5,0,1766,24256,6527,0,0,2392,626,1175,603,914,682,849
674,47595,58221312,0,0,0,18302,1034,257,63821,61941,0,0,169259,9990,8365972,0,0,0,0,1675,97,4089244,31,117,0,0,0,0,0,0,1,113302,5954,0,770,5147,0,0,0,0,0,302,2826,0,0,0,0,0,0,0,0,0,0,0,0,0,0,0,0,0,0,0,241048,231328,0,231328,0,0,0,0,0,0,195342,0,24560,187381,231328,58439,106461,0,229986,31241,0,75245,231328,0,231328,25135,0,0,0,0,0,0,0,0,0,748,152700,0,0,1342,0,0,0,0,49578,5210,3026,0,0,1342,513,0,7435,5368,2038,0,0,0,0,0,0,0,16,0,2012,0,0,0,2541,0,43947,0,145904,33043,1056,4837,0,0,0,0,0,0,0,0,0,0,0,0,0,0,0,0,0,0,0,0,0,0,0,0,0,0,0,0,0,0,0,0,0,0,0,0,0,0,0,0,0,0,0,0,0,0,0,0,8,0,0,0,0,0,0,0,0,0,0,0,0,0,2507,0,867,130,3032,4745,0,152,54,3,0,1703,24731,6516,0,0,2405,642,1169,607,893,700,1082
675,50634,58251338,0,0,0,17659,1090,259,63829,61941,0,0,169461,9990,8365972,0,0,0,0,1787,97,4089244,32,117,0,0,0,0,0,0,1,113324,5954,0,770,5147,0,0,0,0,0,302,2826,0,0,0,0,0,0,0,0,0,0,0,0,0,0,0,0,0,0,0,241322,231587,0,231587,0,0,0,0,0,0,195558,0,24600,187581,231587,58504,106627,0,230243,31260,0,75312,231587,0,231587,25220,0,0,0,0,0,0,0,0,0,749,152808,0,0,1344,0,0,0,0,49686,5220,3032,0,0,1344,513,0,7439,5376,2038,0,0,0,0,0,0,0,16,0,2022,0,0,0,2551,0,44006,0,146010,33122,1056,4842,0,0,0,0,0,0,0,0,0,0,0,0,0,0,0,0,0,0,0,0,0,0,0,0,0,0,0,0,0,0,0,0,0,0,0,0,0,0,0,0,0,0,0,0,0,0,0,0,8,0,0,0,0,0,0,0,0,0,0,0,0,0,2582,0,929,135,2733,4691,0,168,52,4,0,1701,24485,6547,0,0,2446,633,1182,608,919,662,914
676,47787,58282087,0,0,0,18690,1054,259,63837,61941,0,0,169663,9990,8365972,0,0,0,0,1720,97,4089244,30,117,0,0,0,0,0,0,1,113342,5954,0,770,5147,0,0,0,0,0,302,2826,0,0,0,0,0,0,0,0,0,0,0,0,0,0,0,0,0,0,0,241596,231846,0,231846,0,0,0,0,0,0,195774,0,24640,187781,231846,58569,106793,0,230500,31279,0,75379,231846,0,231846,25305,0,0,0,0,0,0,0,0,0,750,152916,0,0,1346,0,0,0,0,49794,5230,3038,0,0,1346,513,0,7443,5384,2038,0,0,0,0,0,0,0,16,0,2032,0,0,0,2561,0,44065,0,146116,33201,1056,4847,0,0,0,0,0,0,0,0,0,0,0,0,0,0,0,0,0,0,0,0,0,0,0,0,0,0,0,0,0,0,0,0,0,0,0,0,0,0,0,0,0,0,0,0,0,0,0,0,8,0,0,0,0,0,0,0,0,0,0,0,0,0,2628,0,910,134,3084,4783,0,155,54,3,0,1707,25083,6663,0,0,2471,646,1213,625,895,694,1117
677,49629,58311862,0,0,0,17632,1043,259,63841,61941,0,0,169865,9990,8365972,0,0,0,0,1863,97,4089244,31,117,0,0,0,0,0,0,1,113363,5954,0,770,5147,0,0,0,0,0,302,2826,0,0,0,0,0,0,0,0,0,0,0,0,0,0,0,0,0,0,0,241870,232105,0,232105,0,0,0,0,0,0,195990,0,24680,187981,232105,58634,106959,0,230757,31298,0,75446,232105,0,232105,25390,0,0,0,0,0,0,0,0,0,751,153024,0,0,1348,0,0,0,0,49902,5240,3044,0,0,1348,513,0,7447,5392,2038,0,0,0,0,0,0,0,16,0,2042,0,0,0,2571,0,44124,0,146222,33280,1056,4852,0,0,0,0,0,0,0,0,0,0,0,0,0,0,0,0,0,0,0,0,0,0,0,0,0,0,0,0,0,0,0,0,0,0,0,0,0,0,0,0,0,0,0,0,0,0,0,0,8,0,0,0,0,0,0,0,0,0,0,0,0,0,2644,0,894,140,2655,4616,0,151,48,4,0,1705,24411,6661,0,0,2494,632,1179,604,955,670,810
678,46925,58341928,0,0,0,18372,1045,259,63849,61941,0,0,170067,9990,8365972,0,0,0,0,1367,97,4089244,29,117,0,0,0,0,0,0,1,113386,5954,0,770,5147,0,0,0,0,0,302,2826,0,0,0,0,0,0,0,0,0,0,0,0,0,0,0,0,0,0,0,242144,232364,0,232364,0,0,0,0,0,0,196206,0,24720,188181,232364,58699,107125,0,231014,31317,0,75513,232364,0,232364,25475,0,0,0,0,0,0,0,0,0,752,153132,0,0,1350,0,0,0,0,50010,5250,3050,0,0,1350,513,0,7451,5400,2038,0,0,0,0,0,0,0,16,0,2052,0,0,0,2581,0,44183,0,146328,33359,1056,4857,0,0,0,0,0,0,0,0,0,0,0,0,0,0,0,0,0,0,0,0,0,0,0,0,0,0,0,0,0,0,0,0,0,0,0,0,0,0,0,0,0,0,0,0,0,0,0,0,8,0,0,0,0,0,0,0,0,0,0,0,0,0,2618,0,897,136,2633,4737,0,149,58,5,0,1698,24579,6620,0,0,2433,627,1198,612,911,650,805
679,50890,58372722,0,0,0,18528,1058,264,64518,62590,0,0,170272,9990,8365972,0,0,0,0,1271,97,4089244,30,117,0,0,0,0,0,0,1,113408,5954,0,770,5147,0,0,0,0,0,302,2826,0,0,0,0,0,0,0,0,0,0,0,0,0,0,0,0,0,0,0,242423,232628,0,232628,0,0,0,0,0,0,196427,0,24760,188386,232628,58766,107291,0,231276,31336,0,75580,232628,0,232628,25560,0,0,0,0,0,0,0,0,0,753,153241,0,0,1352,0,0,0,0,50122,5260,3056,0,0,1352,513,0,7455,5408,2038,0,0,0,0,0,0,0,16,0,2062,0,0,0,2591,0,44242,0,146439,33438,1056,4862,0,0,0,0,0,0,0,0,0,0,0,0,0,0,0,0,0,0,0,0,0,0,0,0,0,0,0,0,0,0,0,0,0,0,0,0,0,0,0,0,0,0,0,0,0,0,0,0,8,0,0,0,0,0,0,0,0,0,0,0,0,0,2695,0,906,144,2743,4804,0,150,55,5,0,1777,25133,6713,0,0,2493,645,1204,646,944,692,861
680,47364,58403329,0,0,0,18326,1197,264,64514,62590,0,0,170477,9990,8365972,0,0,0,0,2489,97,4089244,34,117,0,0,0,0,0,0,1,113430,5954,0,770,5147,0,0,0,0,0,302,2826,0,0,0,0,0,0,0,0,0,0,0,0,0,0,0,0,0,0,0,242702,232892,0,232892,0,0,0,0,0,0,196648,0,24800,188591,232892,58833,107457,0,231538,31355,0,75647,232892,0,232892,25645,0,0,0,0,0,0,0,0,0,754,153350,0,0,1354,0,0,0,0,50234,5270,3062,0,0,1354,513,0,7459,5416,2038,0,0,0,0,0,0,0,16,0,2072,0,0,0,2601,0,44301,0,146550,33517,1056,4867,0,0,0,0,0,0,0,0,0,0,0,0,0,0,0,0,0,0,0,0,0,0,0,0,0,0,0,0,0,0,0,0,0,0,0,0,0,0,0,0,0,0,0,0,0,0,0,0,8,0,0,0,0,0,0,0,0,0,0,0,0,0,2661,0,901,139,2915,4820,0,176,61,3,0,1745,25122,6661,0,0,2439,644,1212,626,930,760,861
681,52271,58434091,0,0,0,18559,1114,264,64514,62590,0,0,170682,9990,8365972,0,0,0,0,1836,97,4089244,31,117,0,0,0,0,0,0,1,113452,5954,0,770,5147,0,0,0,0,0,302,2826,0,0,0,0,0,0,0,0,0,0,0,0,0,0,0,0,0,0,0,242981,233156,0,233156,0,0,0,0,0,0,196869,0,24840,188796,233156,58900,107623,0,231800,31374,0,75714,233156,0,233156,25730,0,0,0,0,0,0,0,0,0,755,153459,0,0,1356,0,0,0,0,50346,5280,3068,0,0,1356,513,0,7463,5424,2038,0,0,0,0,0,0,0,16,0,2082,0,0,0,2611,0,44360,0,146661,33596,1056,4872,0,0,0,0,0,0,0,0,0,0,0,0,0,0,0,0,0,0,0,0,0,0,0,0,0,0,0,0,0,0,0,0,0,0,0,0,0,0,0,0,0,0,0,0,0,0,0,0,8,0,0,0,0,0,0,0,0,0,0,0,0,0,2699,0,904,135,2702,4976,0,150,50,4,0,1738,25226,6828,0,0,2435,648,1318,610,972,699,845
682,47329,58464606,0,0,0,18491,1048,264,64518,62590,0,0,170887,9990,8365972,0,0,0,0,2493,97,4089244,32,117,0,0,0,0,0,0,1,113475,5954,0,770,5147,0,0,0,0,0,302,2826,0,0,0,0,0,0,0,0,0,0,0,0,0,0,0,0,0,0,0,243260,233420,0,233420,0,0,0,0,0,0,197090,0,24880,189001,233420,58967,107789,0,232062,31393,0,75781,233420,0,233420,25815,0,0,0,0,0,0,0,0,0,756,153568,0,0,1358,0,0,0,0,50458,5290,3074,0,0,1358,513,0,7467,5432,2038,0,0,0,0,0,0,0,16,0,2092,0,0,0,2621,0,44419,0,146772,33675,1056,4877,0,0,0,0,0,0,0,0,0,0,0,0,0,0,0,0,0,0,0,0,0,0,0,0,0,0,0,0,0,0,0,0,0,0,0,0,0,0,0,0,0,0,0,0,0,0,0,0,8,0,0,0,0,0,0,0,0,0,0,0,0,0,2699,0,947,137,2740,4864,0,168,48,3,0,1735,25081,6709,0,0,2435,641,1266,627,926,699,865
683,51042,58495418,0,0,0,18915,1086,264,64518,62590,0,0,171092,9990,8365972,0,0,0,0,2279,97,4089244,32,117,0,0,0,0,0,0,1,113498,5954,0,770,5147,0,0,0,0,0,302,2826,0,0,0,0,0,0,0,0,0,0,0,0,0,0,0,0,0,0,0,243539,233684,0,233684,0,0,0,0,0,0,197311,0,24920,189206,233684,59034,107955,0,232324,31412,0,75848,233684,0,233684,25900,0,0,0,0,0,0,0,0,0,757,153677,0,0,1360,0,0,0,0,50570,5300,3080,0,0,1360,513,0,7471,5440,2038,0,0,0,0,0,0,0,16,0,2102,0,0,0,2631,0,44478,0,146883,33754,1056,4882,0,0,0,0,0,0,0,0,0,0,0,0,0,0,0,0,0,0,0,0,0,0,0,0,0,0,0,0,0,0,0,0,0,0,0,0,0,0,0,0,0,0,0,0,0,0,0,0,8,0,0,0,0,0,0,0,0,0,0,0,0,0,2664,0,911,133,2746,4847,0,168,56,6,0,1770,25036,6698,0,0,2471,640,1215,615,933,667,869
684,47234,58525725,0,0,0,18388,1063,264,64514,62590,0,0,171297,9990,8365972,0,0,0,0,1835,97,4089244,32,117,0,0,0,0,0,0,1,113519,5954,0,770,5147,0,0,0,0,0,302,2826,0,0,0,0,0,0,0,0,0,0,0,0,0,0,0,0,0,0,0,243818,233948,0,233948,0,0,0,0,0,0,197532,0,24960,189411,233948,59101,108121,0,232586,31431,0,75915,233948,0,233948,25985,0,0,0,0,0,0,0,0,0,758,153786,0,0,1362,0,0,0,0,50682,5310,3086,0,0,1362,513,0,7475,5448,2038,0,0,0,0,0,0,0,16,0,2112,0,0,0,2641,0,44537,0,146994,33833,1056,4887,0,0,0,0,0,0,0,0,0,0,0,0,0,0,0,0,0,0,0,0,0,0,0,0,0,0,0,0,0,0,0,0,0,0,0,0,0,0,0,0,0,0,0,0,0,0,0,0,8,0,0,0,0,0,0,0,0,0,0,0,0,0,2683,0,899,134,2732,4836,0,162,51,6,0,1719,24810,6574,0,0,2384,630,1194,606,920,679,898
685,54281,58557564,0,0,0,19175,1086,268,64706,62786,0,0,171506,9990,8365972,0,0,0,0,2523,97,4089244,30,117,0,0,0,0,0,0,1,113541,5954,0,770,5147,0,0,0,0,0,302,2826,0,0,0,0,0,0,0,0,0,0,0,0,0,0,0,0,0,0,0,244101,234216,0,234216,0,0,0,0,0,0,197757,0,25000,189620,234216,59168,108287,0,232852,31452,0,75986,234216,0,234216,26070,0,0,0,0,0,0,0,0,0,759,153899,0,0,1364,0,0,0,0,50794,5320,3092,0,0,1364,513,0,7479,5456,2038,0,0,0,0,0,0,0,16,0,2122,0,0,0,2651,0,44596,0,147109,33912,1056,4892,0,0,0,0,0,0,0,0,0,0,0,0,0,0,0,0,0,0,0,0,0,0,0,0,0,0,0,0,0,0,0,0,0,0,0,0,0,0,0,0,0,0,0,0,0,0,0,0,8,0,0,0,0,0,0,0,0,0,0,0,0,0,2713,0,1049,140,2813,4898,0,149,55,4,0,1805,25982,7093,0,0,2662,798,1253,646,956,698,907
686,48620,58588980,0,0,0,19100,1145,268,64706,62786,0,0,171715,9990,8365972,0,0,0,0,2334,97,4089244,37,117,0,0,0,0,0,0,1,113563,5954,0,770,5147,0,0,0,0,0,302,2826,0,0,0,0,0,0,0,0,0,0,0,0,0,0,0,0,0,0,0,244384,234484,0,234484,0,0,0,0,0,0,197982,0,25040,189829,234484,59235,108453,0,233118,31473,0,76057,234484,0,234484,26155,0,0,0,0,0,0,0,0,0,760,154012,0,0,1366,0,0,0,0,50906,5330,3098,0,0,1366,513,0,7483,5464,2038,0,0,0,0,0,0,0,16,0,2132,0,0,0,2661,0,44655,0,147224,33991,1056,4897,0,0,0,0,0,0,0,0,0,0,0,0,0,0,0,0,0,0,0,0,0,0,0,0,0,0,0,0,0,0,0,0,0,0,0,0,0,0,0,0,0,0,0,0,0,0,0,0,8,0,0,0,0,0,0,0,0,0,0,0,0,0,2796,0,938,143,2773,4797,0,183,56,3,0,1787,25506,6861,0,0,2543,669,1234,649,943,690,880
687,64024,58620232,0,0,0,18661,1116,268,64698,62786,0,0,171924,9990,8365972,0,0,0,0,2349,97,4089244,35,117,0,0,0,0,0,0,1,113585,5954,0,770,5147,0,0,0,0,0,302,2826,0,0,0,0,0,0,0,0,0,0,0,0,0,0,0,0,0,0,0,244667,234752,0,234752,0,0,0,0,0,0,198207,0,25080,190038,234752,59302,108619,0,233384,31494,0,76128,234752,0,234752,26240,0,0,0,0,0,0,0,0,0,761,154125,0,0,1368,0,0,0,0,51018,5340,3104,0,0,1368,513,0,7487,5472,2038,0,0,0,0,0,0,0,16,0,2142,0,0,0,2671,0,44714,0,147339,34070,1056,4902,0,0,0,0,0,0,0,0,0,0,0,0,0,0,0,0,0,0,0,0,0,0,0,0,0,0,0,0,0,0,0,0,0,0,0,0,0,0,0,0,0,0,0,0,0,0,0,0,8,0,0,0,0,0,0,0,0,0,0,0,0,0,2685,0,913,134,2807,4901,0,189,60,3,0,1904,25615,6968,0,0,2602,747,1253,632,944,698,888
688,49322,58651797,0,0,0,19101,1180,267,64682,62786,0,0,172133,9990,8365972,0,0,0,0,2054,97,4089244,130,117,0,0,0,0,0,0,1,113607,5954,0,770,5147,0,0,0,0,0,302,2826,0,0,0,0,0,0,0,0,0,0,0,0,0,0,0,0,0,0,0,244949,235019,0,235019,0,0,0,0,0,0,198432,0,25119,190247,235019,59368,108784,0,233649,31515,0,76199,235019,0,235019,26325,0,0,0,0,0,0,0,0,0,762,154238,0,0,1370,0,0,0,0,51130,5350,3110,0,0,1370,513,0,7490,5480,2038,0,0,0,0,0,0,0,16,0,2152,0,0,0,2681,0,44772,0,147454,34149,1056,4907,0,0,0,0,0,0,0,0,0,0,0,0,0,0,0,0,0,0,0,0,0,0,0,0,0,0,0,0,0,0,0,0,0,0,0,0,0,0,0,0,0,0,0,0,0,0,0,0,8,0,0,0,0,0,0,0,0,0,0,0,0,0,2581,0,931,130,2903,5052,0,264,50,4,0,1864,25767,6891,0,0,2574,734,1205,635,968,704,965
689,53295,58684212,0,0,0,18891,1209,269,64718,62786,0,0,172342,9990,8365972,0,0,0,0,1959,97,4089244,57,117,0,0,0,0,0,0,1,113628,5954,0,770,5147,0,0,0,0,0,302,2826,0,0,0,0,0,0,0,0,0,0,0,0,0,0,0,0,0,0,0,245233,235288,0,235288,0,0,0,0,0,0,198657,0,25160,190456,235288,59436,108951,0,233916,31536,0,76270,235288,0,235288,26410,0,0,0,0,0,0,0,0,0,763,154351,0,0,1372,0,0,0,0,51242,5360,3116,0,0,1372,513,0,7495,5488,2038,0,0,0,0,0,0,0,16,0,2162,0,0,0,2691,0,44832,0,147569,34228,1056,4912,0,0,0,0,0,0,0,0,0,0,0,0,0,0,0,0,0,0,0,0,0,0,0,0,0,0,0,0,0,0,0,0,0,0,0,0,0,0,0,0,0,0,0,0,0,0,0,0,8,0,0,0,0,0,0,0,0,0,0,0,0,0,2860,0,974,133,3138,4919,0,175,53,6,0,1855,26573,7174,0,0,2683,685,1253,652,1071,719,1090
690,52879,58718598,0,0,0,21232,1129,282,70181,68201,0,0,172560,9990,8365972,0,0,0,0,2489,97,4089244,30,117,0,0,0,0,0,0,1,113650,5954,0,770,5147,0,0,0,0,0,302,2826,0,0,0,0,0,0,0,0,0,0,0,0,0,0,0,0,0,0,0,245531,235570,0,235570,0,0,0,0,0,0,198892,0,25205,190674,235570,59508,109131,0,234196,31557,0,76342,235570,0,235570,26504,0,0,0,0,0,0,0,0,0,764,154464,0,0,1374,0,0,0,0,51364,5370,3122,0,0,1374,513,0,7503,5496,2038,0,0,0,0,0,0,0,16,0,2172,0,0,0,2701,0,44896,0,147684,34316,1056,4917,0,0,0,0,0,0,0,0,0,0,0,0,0,0,0,0,0,0,0,0,0,0,0,0,0,0,0,0,0,0,0,0,0,0,0,0,0,0,0,0,0,0,0,0,0,0,0,0,8,0,0,0,0,0,0,0,0,0,0,0,0,0,2917,0,1012,165,3268,5597,0,146,62,3,0,1949,28119,7486,0,0,2780,795,1411,681,990,751,1181
691,56313,58753528,0,0,0,20811,1026,285,70641,68655,0,0,172780,9990,8365972,0,0,0,0,1958,97,4089244,33,117,0,0,0,0,0,0,1,113672,5954,0,770,5147,0,0,0,0,0,302,2826,0,0,0,0,0,0,0,0,0,0,0,0,0,0,0,0,0,0,0,245832,235855,0,235855,0,0,0,0,0,0,199129,0,25251,190895,235855,59581,109314,0,234479,31579,0,76416,235855,0,235855,26598,0,0,0,0,0,0,0,0,0,765,154579,0,0,1376,0,0,0,0,51486,5380,3128,0,0,1376,513,0,7511,5504,2038,0,0,0,0,0,0,0,16,0,2183,0,0,0,2712,0,44960,0,147801,34404,1056,4922,0,0,0,0,0,0,0,0,0,0,0,0,0,0,0,0,0,0,0,0,0,0,0,0,0,0,0,0,0,0,0,0,0,0,0,0,0,0,0,0,0,0,0,0,0,0,0,0,8,0,0,0,0,0,0,0,0,0,0,0,0,0,2949,0,1027,160,3497,5863,0,161,65,4,0,1951,28618,7419,0,0,2738,704,1367,688,1023,741,1330
692,51572,58787186,0,0,0,20239,1036,284,70641,68655,0,0,173000,9990,8365972,0,0,0,0,1804,97,4089244,32,117,0,0,0,0,0,0,1,113694,5954,0,770,5147,0,0,0,0,0,302,2826,0,0,0,0,0,0,0,0,0,0,0,0,0,0,0,0,0,0,0,246132,236139,0,236139,0,0,0,0,0,0,199366,0,25296,191116,236139,59653,109496,0,234761,31601,0,76490,236139,0,236139,26692,0,0,0,0,0,0,0,0,0,766,154694,0,0,1378,0,0,0,0,51608,5390,3134,0,0,1378,513,0,7518,5512,2038,0,0,0,0,0,0,0,16,0,2194,0,0,0,2723,0,45023,0,147918,34492,1056,4927,0,0,0,0,0,0,0,0,0,0,0,0,0,0,0,0,0,0,0,0,0,0,0,0,0,0,0,0,0,0,0,0,0,0,0,0,0,0,0,0,0,0,0,0,0,0,0,0,8,0,0,0,0,0,0,0,0,0,0,0,0,0,2894,0,987,159,3049,5722,0,160,59,6,0,1937,27577,7191,0,0,2630,690,1320,662,979,813,947
693,54104,58819936,0,0,0,20058,1155,278,65514,63534,0,0,173215,9990,8365972,0,0,0,0,1596,97,4089244,35,117,0,0,0,0,0,0,1,113716,5954,0,770,5147,0,0,0,0,0,302,2826,0,0,0,0,0,0,0,0,0,0,0,0,0,0,0,0,0,0,0,246426,236417,0,236417,0,0,0,0,0,0,199597,0,25340,191331,236417,59726,109670,0,235037,31623,0,76564,236417,0,236417,26777,0,0,0,0,0,0,0,0,0,767,154813,0,0,1380,0,0,0,0,51721,5400,3140,0,0,1380,513,0,7524,5520,2038,0,0,0,0,0,0,0,16,0,2205,0,0,0,2734,0,45086,0,148038,34571,1056,4932,0,0,0,0,0,0,0,0,0,0,0,0,0,0,0,0,0,0,0,0,0,0,0,0,0,0,0,0,0,0,0,0,0,0,0,0,0,0,0,0,0,0,0,0,0,0,0,0,8,0,0,0,0,0,0,0,0,0,0,0,0,0,2863,0,963,141,2867,5065,0,235,56,3,0,1974,26596,7186,0,0,2664,701,1306,662,1002,730,906
694,99419,58902285,0,0,0,68640,1294,292,70376,68406,1,43680,173445,9990,8365972,0,0,0,0,2323,97,4089244,34,118,0,0,0,0,0,0,1,113737,5954,0,770,5147,0,0,0,0,0,302,2826,0,0,0,0,0,0,0,0,0,0,0,0,0,0,0,0,0,0,0,246734,236709,0,236709,0,0,0,0,0,0,199842,0,25384,191560,236709,59800,109858,0,235327,31645,0,76638,236709,0,236709,26875,0,0,0,0,0,0,0,0,0,768,154933,0,0,1382,0,0,0,0,51847,5410,3146,0,0,1382,513,0,7530,5528,2038,0,0,0,0,0,0,0,16,0,2216,0,0,0,2745,0,45149,0,148159,34663,1056,4937,0,0,0,0,0,0,0,0,0,0,0,0,0,0,0,0,0,0,0,0,0,0,0,0,0,0,0,0,0,0,0,0,0,0,0,0,0,0,0,0,0,0,0,0,0,0,0,0,8,0,0,0,0,0,0,0,0,0,0,0,0,0,2997,0,48510,140,3070,5500,0,243,53,3,0,2010,75635,7495,0,0,2824,738,1372,680,1032,764,970
695,54314,58935997,0,0,0,20139,1151,289,70325,68357,0,0,173674,9990,8365972,0,0,0,0,1991,97,4089244,32,118,0,0,0,0,0,0,1,113760,5954,0,770,5147,0,0,0,0,0,302,2826,0,0,0,0,0,0,0,0,0,0,0,0,0,0,0,0,0,0,0,247039,236998,0,236998,0,0,0,0,0,0,200085,0,25426,191788,236998,59872,110044,0,235614,31667,0,76711,236998,0,236998,26973,0,0,0,0,0,0,0,0,0,769,155052,0,0,1384,0,0,0,0,51972,5420,3152,0,0,1384,513,0,7535,5536,2038,0,0,0,0,0,0,0,16,0,2227,0,0,0,2756,0,45210,0,148279,34755,1056,4942,0,0,0,0,0,0,0,0,0,0,0,0,0,0,0,0,0,0,0,0,0,0,0,0,0,0,0,0,0,0,0,0,0,0,0,0,0,0,0,0,0,0,0,0,0,0,0,0,8,0,0,0,0,0,0,0,0,0,0,0,0,0,2852,0,991,136,3057,5299,0,148,59,5,0,2024,27295,7278,0,0,2682,725,1336,660,1022,778,956
696,72941,58970522,0,0,0,20605,1045,290,68111,66139,0,0,173904,9990,8365972,0,0,0,0,1974,97,4089244,33,118,0,0,0,0,0,0,1,113782,5954,0,770,5147,0,0,0,0,0,302,2826,0,0,0,0,0,0,0,0,0,0,0,0,0,0,0,0,0,0,0,247345,237288,0,237288,0,0,0,0,0,0,200329,0,25468,192017,237288,59944,110228,0,235902,31694,0,76794,237288,0,237288,27058,0,0,0,0,0,0,0,0,0,770,155185,0,0,1386,0,0,0,0,52084,5430,3158,0,0,1386,513,0,7540,5544,2038,0,0,0,0,0,0,0,16,0,2238,0,0,0,2767,0,45271,0,148413,34834,1056,4947,0,0,0,0,0,0,0,0,0,0,0,0,0,0,0,0,0,0,0,0,0,0,0,0,0,0,0,0,0,0,0,0,0,0,0,0,0,0,0,0,0,0,0,0,0,0,0,0,8,0,0,0,0,0,0,0,0,0,0,0,0,0,2763,0,1063,131,3165,5651,0,163,47,5,0,2150,28189,7493,0,0,2792,737,1325,725,1071,862,996
697,54617,59004493,0,0,0,20372,1089,289,67880,65887,0,0,174132,9990,8365972,0,0,0,0,1704,97,4089244,36,118,0,0,0,0,0,0,1,113803,5954,0,770,5147,0,0,0,0,0,302,2826,0,0,0,0,0,0,0,0,0,0,0,0,0,0,0,0,0,0,0,247650,237577,0,237577,0,0,0,0,0,0,200572,0,25510,192245,237577,60017,110411,0,236189,31720,0,76875,237577,0,237577,27143,0,0,0,0,0,0,0,0,0,771,155317,0,0,1388,0,0,0,0,52196,5440,3164,0,0,1388,513,0,7545,5552,2038,0,0,0,0,0,0,0,16,0,2249,0,0,0,2778,0,45332,0,148546,34913,1056,4952,0,0,0,0,0,0,0,0,0,0,0,0,0,0,0,0,0,0,0,0,0,0,0,0,0,0,0,0,0,0,0,0,0,0,0,0,0,0,0,0,0,0,0,0,0,0,0,0,8,0,0,0,0,0,0,0,0,0,0,0,0,0,2845,0,1058,133,3141,5280,0,192,49,4,0,2075,27718,7453,0,0,2771,700,1320,682,1057,771,1044
698,50442,59037601,0,0,0,20115,1121,281,64736,62683,0,0,174349,9990,8365972,0,0,0,0,1846,97,4089244,37,118,0,0,0,0,0,0,1,113825,5954,0,770,5147,0,0,0,0,0,302,2826,0,0,0,0,0,0,0,0,0,0,0,0,0,0,0,0,0,0,0,247947,237858,0,237858,0,0,0,0,0,0,200808,0,25551,192470,237858,60092,110593,0,236468,31744,0,76947,237858,0,237858,27228,0,0,0,0,0,0,0,0,0,772,155447,0,0,1390,0,0,0,0,52307,5447,3168,0,0,1390,513,0,7550,5560,2038,0,0,0,0,0,0,0,16,0,2260,0,0,0,2789,0,45388,0,148676,34992,1056,4957,0,0,0,0,0,0,0,0,0,0,0,0,0,0,0,0,0,0,0,0,0,0,0,0,0,0,0,0,0,0,0,0,0,0,0,0,0,0,0,0,0,0,0,0,0,0,0,0,8,0,0,0,0,0,0,0,0,0,0,0,0,0,3101,0,1009,128,2873,5029,0,183,57,3,0,1997,26957,7128,0,0,2638,691,1279,657,1045,714,905
699,66992,59084156,0,0,0,33482,1174,285,64787,62683,1,4096,174566,9990,8365972,0,0,0,0,2142,97,4089244,31,118,0,0,0,0,0,0,1,113847,5954,0,770,5148,0,0,0,0,0,302,2826,0,0,0,0,0,0,0,0,0,0,0,0,0,0,0,0,0,0,0,248248,238143,0,238143,0,0,0,0,0,0,201047,0,25593,192699,238143,60171,110779,0,236751,31768,0,77019,238143,0,238143,27313,0,0,0,0,0,0,0,0,0,773,155580,0,0,1392,0,0,0,0,52418,5454,3172,0,0,1392,513,0,7555,5568,2038,0,0,0,0,0,0,0,16,0,2272,0,0,0,2801,0,45444,0,148809,35071,1056,4962,0,0,0,0,0,0,0,0,0,0,0,0,0,0,0,0,0,0,0,0,0,0,0,0,0,0,0,0,0,0,0,0,0,0,0,0,0,0,0,0,0,0,0,0,0,0,0,0,8,0,0,0,0,0,0,0,0,0,0,0,0,0,3378,0,13185,138,2981,5229,0,151,59,7,0,1999,40051,7354,0,0,2688,710,1319,652,1105,789,919
700,71293,59118651,0,0,0,21339,991,286,64496,62368,0,0,174782,9990,8365972,0,0,0,0,2163,97,4089244,32,118,0,0,0,0,0,0,1,113867,5954,0,770,5148,0,0,0,0,0,302,2826,0,0,0,0,0,0,0,0,0,0,0,0,0,0,0,0,0,0,0,248550,238429,0,238429,0,0,0,0,0,0,201286,0,25637,192927,238429,60253,110966,0,237035,31791,0,77090,238429,0,238429,27398,0,0,0,0,0,0,0,0,0,774,155712,0,0,1394,0,0,0,0,52530,5461,3176,0,0,1394,513,0,7561,5576,2038,0,0,0,0,0,0,0,16,0,2284,0,0,0,2813,0,45502,0,148941,35150,1056,4967,0,0,0,0,0,0,0,0,0,0,0,0,0,0,0,0,0,0,0,0,0,0,0,0,0,0,0,0,0,0,0,0,0,0,0,0,0,0,0,0,0,0,0,0,0,0,0,0,8,0,0,0,0,0,0,0,0,0,0,0,0,0,3494,0,1009,172,2891,5229,0,159,65,3,0,1985,28055,7482,0,0,2773,720,1346,667,1097,744,877
701,54812,59152416,0,0,0,19871,1023,272,59424,57296,0,0,174984,9990,8365972,0,0,0,0,3259,97,4089244,46,118,0,0,0,0,0,0,1,113889,5954,0,770,5148,0,0,0,0,0,302,2826,0,0,0,0,0,0,0,0,0,0,0,0,0,0,0,0,0,0,0,248838,238701,0,238701,0,0,0,0,0,0,201511,0,25681,193141,238701,60336,111143,0,237305,31814,0,77161,238701,0,238701,27470,0,0,0,0,0,0,0,0,0,775,155843,0,0,1396,0,0,0,0,52629,5468,3180,0,0,1396,513,0,7567,5584,2038,0,0,0,0,0,0,0,16,0,2296,0,0,0,2825,0,45560,0,149072,35216,1056,4972,0,0,0,0,0,0,0,0,0,0,0,0,0,0,0,0,0,0,0,0,0,0,0,0,0,0,0,0,0,0,0,0,0,0,0,0,0,0,0,0,0,0,0,0,0,0,0,0,8,0,0,0,0,0,0,0,0,0,0,0,0,0,3595,0,1045,170,2747,5449,0,175,60,4,0,1886,27705,7315,0,0,2732,663,1275,652,1103,663,881
702,53087,59186689,0,0,0,21692,1030,272,59380,57256,0,0,175186,9990,8365972,0,0,0,0,1795,97,4089244,33,118,0,0,0,0,0,0,1,113905,5954,0,770,5148,0,0,0,0,0,302,2826,0,0,0,0,0,0,0,0,0,0,0,0,0,0,0,0,0,0,0,249126,238973,0,238973,0,0,0,0,0,0,201736,0,25725,193355,238973,60419,111321,0,237575,31837,0,77232,238973,0,238973,27542,0,0,0,0,0,0,0,0,0,776,155974,0,0,1398,0,0,0,0,52728,5475,3184,0,0,1398,513,0,7573,5592,2038,0,0,0,0,0,0,0,16,0,2308,0,0,0,2837,0,45618,0,149203,35282,1056,4977,0,0,0,0,0,0,0,0,0,0,0,0,0,0,0,0,0,0,0,0,0,0,0,0,0,0,0,0,0,0,0,0,0,0,0,0,0,0,0,0,0,0,0,0,0,0,0,0,8,0,0,0,0,0,0,0,0,0,0,0,0,0,3519,0,1019,164,3112,5414,0,169,65,4,0,1925,28068,7103,0,0,2589,660,1297,646,1062,686,1142
703,55583,59218839,0,0,0,19777,1025,264,59387,57269,0,0,175388,9990,8365972,0,0,0,0,1944,97,4089244,31,118,0,0,0,0,0,0,1,113926,5954,0,770,5148,0,0,0,0,0,302,2826,0,0,0,0,0,0,0,0,0,0,0,0,0,0,0,0,0,0,0,249406,239237,0,239237,0,0,0,0,0,0,201953,0,25769,193561,239237,60493,111495,0,237837,31860,0,77303,239237,0,239237,27614,0,0,0,0,0,0,0,0,0,777,156097,0,0,1400,0,0,0,0,52827,5482,3188,0,0,1400,513,0,7579,5600,2038,0,0,0,0,0,0,0,16,0,2320,0,0,0,2849,0,45676,0,149326,35348,1056,4982,0,0,0,0,0,0,0,0,0,0,0,0,0,0,0,0,0,0,0,0,0,0,0,0,0,0,0,0,0,0,0,0,0,0,0,0,0,0,0,0,0,0,0,0,0,0,0,0,8,0,0,0,0,0,0,0,0,0,0,0,0,0,3333,0,1029,156,2645,4834,0,149,54,4,0,1925,26054,6867,0,0,2539,659,1220,622,1009,658,815
704,49316,59250739,0,0,0,19504,1078,265,59475,57365,0,0,175591,9990,8365972,0,0,0,0,1646,97,4089244,32,118,0,0,0,0,0,0,1,113945,5954,0,770,5148,0,0,0,0,0,302,2826,0,0,0,0,0,0,0,0,0,0,0,0,0,0,0,0,0,0,0,249687,239502,0,239502,0,0,0,0,0,0,202171,0,25813,193768,239502,60567,111669,0,238100,31883,0,77374,239502,0,239502,27686,0,0,0,0,0,0,0,0,0,778,156221,0,0,1402,0,0,0,0,52926,5489,3192,0,0,1402,513,0,7585,5608,2038,0,0,0,0,0,0,0,16,0,2332,0,0,0,2861,0,45734,0,149450,35414,1056,4987,0,0,0,0,0,0,0,0,0,0,0,0,0,0,0,0,0,0,0,0,0,0,0,0,0,0,0,0,0,0,0,0,0,0,0,0,0,0,0,0,0,0,0,0,0,0,0,0,8,0,0,0,0,0,0,0,0,0,0,0,0,0,3316,0,1001,163,2602,4742,0,165,59,4,0,1864,25862,6885,0,0,2534,688,1246,605,1042,658,798
705,54637,59282682,0,0,0,19270,1040,265,59533,57431,0,0,175796,9990,8365972,0,0,0,0,2388,97,4089244,32,118,0,0,0,0,0,0,1,113968,5954,0,770,5148,0,0,0,0,0,302,2826,0,0,0,0,0,0,0,0,0,0,0,0,0,0,0,0,0,0,0,249969,239767,0,239767,0,0,0,0,0,0,202390,0,25855,193977,239767,60639,111841,0,238363,31907,0,77446,239767,0,239767,27758,0,0,0,0,0,0,0,0,0,779,156345,0,0,1404,0,0,0,0,53026,5496,3196,0,0,1404,513,0,7590,5616,2038,0,0,0,0,0,0,0,16,0,2344,0,0,0,2873,0,45790,0,149576,35480,1056,4992,0,0,0,0,0,0,0,0,0,0,0,0,0,0,0,0,0,0,0,0,0,0,0,0,0,0,0,0,0,0,0,0,0,0,0,0,0,0,0,0,0,0,0,0,0,0,0,0,8,0,0,0,0,0,0,0,0,0,0,0,0,0,3128,0,1025,142,2649,4814,0,153,56,4,0,1901,25827,6849,0,0,2486,652,1253,612,1013,661,822
706,50379,59315850,0,0,0,20207,1013,266,59605,57431,0,0,176001,9990,8365972,0,0,0,0,1785,97,4089244,30,118,0,0,0,0,0,0,1,113992,5954,0,770,5148,0,0,0,0,0,302,2826,0,0,0,0,0,0,0,0,0,0,0,0,0,0,0,0,0,0,0,250252,240033,0,240033,0,0,0,0,0,0,202609,0,25898,194186,240033,60711,112014,0,238627,31931,0,77518,240033,0,240033,27830,0,0,0,0,0,0,0,0,0,780,156469,0,0,1406,0,0,0,0,53126,5503,3200,0,0,1406,513,0,7596,5624,2038,0,0,0,0,0,0,0,16,0,2356,0,0,0,2885,0,45847,0,149702,35546,1056,4997,0,0,0,0,0,0,0,0,0,0,0,0,0,0,0,0,0,0,0,0,0,0,0,0,0,0,0,0,0,0,0,0,0,0,0,0,0,0,0,0,0,0,0,0,0,0,0,0,8,0,0,0,0,0,0,0,0,0,0,0,0,0,3172,0,1046,149,3089,4960,0,150,55,3,0,2038,27233,7250,0,0,2773,704,1296,671,1061,704,1092
707,85819,59348608,0,0,0,19543,1000,267,59635,57461,0,0,176207,9990,8365972,0,0,0,0,1804,97,4089244,32,118,0,0,0,0,0,0,1,114016,5954,0,770,5148,0,0,0,0,0,302,2826,0,0,0,0,0,0,0,0,0,0,0,0,0,0,0,0,0,0,0,250536,240300,0,240300,0,0,0,0,0,0,202828,0,25941,194395,240300,60784,112187,0,238892,31955,0,77590,240300,0,240300,27902,0,0,0,0,0,0,0,0,0,781,156594,0,0,1408,0,0,0,0,53226,5510,3204,0,0,1408,513,0,7602,5632,2038,0,0,0,0,0,0,0,16,0,2368,0,0,0,2897,0,45905,0,149828,35612,1056,5002,0,0,0,0,0,0,0,0,0,0,0,0,0,0,0,0,0,0,0,0,0,0,0,0,0,0,0,0,0,0,0,0,0,0,0,0,0,0,0,0,0,0,0,0,0,0,0,0,8,0,0,0,0,0,0,0,0,0,0,0,0,0,3182,0,1024,162,2689,5451,0,161,59,6,0,1926,26667,6865,0,0,2516,646,1232,634,1051,674,845
708,49106,59380317,0,0,0,19351,1014,264,59359,57231,0,0,176411,9990,8365972,0,0,0,0,1819,97,4089244,52,118,0,0,0,0,0,0,1,114041,5954,0,770,5148,0,0,0,0,0,302,2826,0,0,0,0,0,0,0,0,0,0,0,0,0,0,0,0,0,0,0,250816,240564,0,240564,0,0,0,0,0,0,203045,0,25983,194602,240564,60856,112359,0,239154,31978,0,77660,240564,0,240564,27974,0,0,0,0,0,0,0,0,0,782,156717,0,0,1410,0,0,0,0,53326,5517,3208,0,0,1410,513,0,7607,5640,2038,0,0,0,0,0,0,0,16,0,2380,0,0,0,2909,0,45962,0,149952,35678,1056,5007,0,0,0,0,0,0,0,0,0,0,0,0,0,0,0,0,0,0,0,0,0,0,0,0,0,0,0,0,0,0,0,0,0,0,0,0,0,0,0,0,0,0,0,0,0,0,0,0,8,0,0,0,0,0,0,0,0,0,0,0,0,0,3047,0,1011,145,2695,5322,0,177,57,5,0,1911,26017,6693,0,0,2457,647,1188,602,1011,674,869
709,50649,59411671,0,0,0,19011,1027,264,59359,57231,0,0,176615,9990,8365972,0,0,0,0,1701,97,4089244,46,118,0,0,0,0,0,0,1,114065,5954,0,770,5148,0,0,0,0,0,302,2826,0,0,0,0,0,0,0,0,0,0,0,0,0,0,0,0,0,0,0,251096,240828,0,240828,0,0,0,0,0,0,203262,0,26025,194809,240828,60928,112531,0,239416,32001,0,77730,240828,0,240828,28046,0,0,0,0,0,0,0,0,0,783,156840,0,0,1412,0,0,0,0,53426,5524,3212,0,0,1412,513,0,7612,5648,2038,0,0,0,0,0,0,0,16,0,2392,0,0,0,2921,0,46019,0,150076,35744,1056,5012,0,0,0,0,0,0,0,0,0,0,0,0,0,0,0,0,0,0,0,0,0,0,0,0,0,0,0,0,0,0,0,0,0,0,0,0,0,0,0,0,0,0,0,0,0,0,0,0,8,0,0,0,0,0,0,0,0,0,0,0,0,0,3071,0,978,143,2652,5150,0,172,53,5,0,1875,25669,6586,0,0,2393,620,1162,588,1006,675,826
710,50300,59444950,0,0,0,20472,1035,266,59589,57461,0,0,176821,9990,8365972,0,0,0,0,2290,97,4089244,33,118,0,0,0,0,0,0,1,114089,5954,0,770,5148,0,0,0,0,0,302,2826,0,0,0,0,0,0,0,0,0,0,0,0,0,0,0,0,0,0,0,251378,241094,0,241094,0,0,0,0,0,0,203481,0,26067,195018,241094,61000,112703,0,239680,32025,0,77802,241094,0,241094,28118,0,0,0,0,0,0,0,0,0,784,156965,0,0,1414,0,0,0,0,53526,5531,3216,0,0,1414,513,0,7617,5656,2038,0,0,0,0,0,0,0,16,0,2404,0,0,0,2933,0,46076,0,150202,35810,1056,5017,0,0,0,0,0,0,0,0,0,0,0,0,0,0,0,0,0,0,0,0,0,0,0,0,0,0,0,0,0,0,0,0,0,0,0,0,0,0,0,0,0,0,0,0,0,0,0,0,8,0,0,0,0,0,0,0,0,0,0,0,0,0,3071,0,1034,152,3016,5462,0,175,58,8,0,1916,27143,7154,0,0,2643,685,1328,653,1112,708,1061
711,53201,59476511,0,0,0,19393,1030,264,59359,57231,0,0,177025,9990,8365972,0,0,0,0,1630,97,4089244,33,118,0,0,0,0,0,0,1,114114,5954,0,770,5148,0,0,0,0,0,302,2826,0,0,0,0,0,0,0,0,0,0,0,0,0,0,0,0,0,0,0,251658,241358,0,241358,0,0,0,0,0,0,203698,0,26109,195225,241358,61072,112875,0,239942,32048,0,77872,241358,0,241358,28190,0,0,0,0,0,0,0,0,0,785,157088,0,0,1416,0,0,0,0,53626,5538,3220,0,0,1416,513,0,7622,5664,2038,0,0,0,0,0,0,0,16,0,2416,0,0,0,2945,0,46133,0,150326,35876,1056,5022,0,0,0,0,0,0,0,0,0,0,0,0,0,0,0,0,0,0,0,0,0,0,0,0,0,0,0,0,0,0,0,0,0,0,0,0,0,0,0,0,0,0,0,0,0,0,0,0,8,0,0,0,0,0,0,0,0,0,0,0,0,0,3053,0,987,139,2691,4931,0,201,53,8,0,1914,25800,6764,0,0,2435,636,1210,601,1003,677,852
712,53571,59508108,0,0,0,19446,1121,264,59339,57231,0,0,177229,9990,8365972,0,0,0,0,1832,97,4089244,30,118,0,0,0,0,0,0,1,114136,5954,0,770,5148,0,0,0,0,0,302,2826,0,0,0,0,0,0,0,0,0,0,0,0,0,0,0,0,0,0,0,251938,241622,0,241622,0,0,0,0,0,0,203915,0,26151,195432,241622,61144,113047,0,240204,32071,0,77942,241622,0,241622,28262,0,0,0,0,0,0,0,0,0,786,157211,0,0,1418,0,0,0,0,53726,5545,3224,0,0,1418,513,0,7627,5672,2038,0,0,0,0,0,0,0,16,0,2428,0,0,0,2957,0,46190,0,150450,35942,1056,5027,0,0,0,0,0,0,0,0,0,0,0,0,0,0,0,0,0,0,0,0,0,0,0,0,0,0,0,0,0,0,0,0,0,0,0,0,0,0,0,0,0,0,0,0,0,0,0,0,8,0,0,0,0,0,0,0,0,0,0,0,0,0,3115,0,1008,135,2744,4772,0,146,57,9,0,1878,25692,6831,0,0,2526,640,1199,604,1145,740,814
713,51379,59539256,0,0,0,19166,1053,263,59323,57231,0,0,177433,9990,8365972,0,0,0,0,1724,97,4089244,32,118,0,0,0,0,0,0,1,114160,5954,0,770,5148,0,0,0,0,0,302,2826,0,0,0,0,0,0,0,0,0,0,0,0,0,0,0,0,0,0,0,252217,241885,0,241885,0,0,0,0,0,0,204132,0,26192,195639,241885,61215,113218,0,240465,32094,0,78012,241885,0,241885,28334,0,0,0,0,0,0,0,0,0,787,157334,0,0,1420,0,0,0,0,53826,5552,3228,0,0,1420,513,0,7631,5680,2038,0,0,0,0,0,0,0,16,0,2440,0,0,0,2969,0,46246,0,150574,36008,1056,5032,0,0,0,0,0,0,0,0,0,0,0,0,0,0,0,0,0,0,0,0,0,0,0,0,0,0,0,0,0,0,0,0,0,0,0,0,0,0,0,0,0,0,0,0,0,0,0,0,8,0,0,0,0,0,0,0,0,0,0,0,0,0,3008,0,1002,134,2657,4676,0,146,55,5,0,1863,25332,6777,0,0,2511,727,1181,605,1012,673,820
714,48382,59570315,0,0,0,19126,1046,263,59323,57231,0,0,177637,9990,8365972,0,0,0,0,1717,97,4089244,32,118,0,0,0,0,0,0,1,114182,5954,0,770,5148,0,0,0,0,0,302,2826,0,0,0,0,0,0,0,0,0,0,0,0,0,0,0,0,0,0,0,252496,242148,0,242148,0,0,0,0,0,0,204349,0,26233,195846,242148,61286,113389,0,240726,32117,0,78082,242148,0,242148,28406,0,0,0,0,0,0,0,0,0,788,157457,0,0,1422,0,0,0,0,53926,5559,3232,0,0,1422,513,0,7635,5688,2038,0,0,0,0,0,0,0,16,0,2452,0,0,0,2981,0,46302,0,150698,36074,1056,5037,0,0,0,0,0,0,0,0,0,0,0,0,0,0,0,0,0,0,0,0,0,0,0,0,0,0,0,0,0,0,0,0,0,0,0,0,0,0,0,0,0,0,0,0,0,0,0,0,8,0,0,0,0,0,0,0,0,0,0,0,0,0,3090,0,977,143,2652,4654,0,154,54,4,0,1876,25323,6757,0,0,2455,621,1192,623,1019,680,831
715,51666,59601632,0,0,0,19196,1051,263,59323,57231,0,0,177841,9990,8365972,0,0,0,0,1990,97,4089244,30,118,0,0,0,0,0,0,1,114204,5954,0,770,5148,0,0,0,0,0,302,2826,0,0,0,0,0,0,0,0,0,0,0,0,0,0,0,0,0,0,0,252775,242411,0,242411,0,0,0,0,0,0,204566,0,26274,196053,242411,61357,113560,0,240987,32140,0,78152,242411,0,242411,28478,0,0,0,0,0,0,0,0,0,789,157580,0,0,1424,0,0,0,0,54026,5566,3236,0,0,1424,513,0,7639,5696,2038,0,0,0,0,0,0,0,16,0,2464,0,0,0,2993,0,46358,0,150822,36140,1056,5042,0,0,0,0,0,0,0,0,0,0,0,0,0,0,0,0,0,0,0,0,0,0,0,0,0,0,0,0,0,0,0,0,0,0,0,0,0,0,0,0,0,0,0,0,0,0,0,0,8,0,0,0,0,0,0,0,0,0,0,0,0,0,3065,0,1068,145,2802,4725,0,147,59,3,0,1886,25589,6695,0,0,2473,646,1169,622,992,658,942
716,49984,59634128,0,0,0,19350,1013,263,59315,57231,0,0,178045,9990,8365972,0,0,0,0,1810,97,4089244,31,118,0,0,0,0,0,0,1,114228,5954,0,770,5148,0,0,0,0,0,302,2826,0,0,0,0,0,0,0,0,0,0,0,0,0,0,0,0,0,0,0,253054,242674,0,242674,0,0,0,0,0,0,204783,0,26315,196260,242674,61428,113731,0,241248,32163,0,78222,242674,0,242674,28550,0,0,0,0,0,0,0,0,0,790,157703,0,0,1426,0,0,0,0,54126,5573,3240,0,0,1426,513,0,7643,5704,2038,0,0,0,0,0,0,0,16,0,2476,0,0,0,3005,0,46414,0,150946,36206,1056,5047,0,0,0,0,0,0,0,0,0,0,0,0,0,0,0,0,0,0,0,0,0,0,0,0,0,0,0,0,0,0,0,0,0,0,0,0,0,0,0,0,0,0,0,0,0,0,0,0,8,0,0,0,0,0,0,0,0,0,0,0,0,0,3167,0,1057,147,2896,5048,0,150,65,5,0,1917,26611,7106,0,0,2626,749,1224,641,1021,682,1028
717,54537,59666685,0,0,0,19897,1011,264,59299,57231,0,0,178249,9990,8365972,0,0,0,0,2091,97,4089244,34,118,0,0,0,0,0,0,1,114243,5954,0,770,5148,0,0,0,0,0,302,2826,0,0,0,0,0,0,0,0,0,0,0,0,0,0,0,0,0,0,0,253334,242938,0,242938,0,0,0,0,0,0,205000,0,26357,196467,242938,61501,113903,0,241510,32186,0,78292,242938,0,242938,28622,0,0,0,0,0,0,0,0,0,791,157826,0,0,1428,0,0,0,0,54226,5580,3244,0,0,1428,513,0,7648,5712,2038,0,0,0,0,0,0,0,16,0,2488,0,0,0,3017,0,46471,0,151070,36272,1056,5052,0,0,0,0,0,0,0,0,0,0,0,0,0,0,0,0,0,0,0,0,0,0,0,0,0,0,0,0,0,0,0,0,0,0,0,0,0,0,0,0,0,0,0,0,0,0,0,0,8,0,0,0,0,0,0,0,0,0,0,0,0,0,3263,0,1009,146,2806,5277,0,164,60,4,0,1899,26707,6956,0,0,2591,675,1207,702,1033,676,926
718,52191,59700625,0,0,0,20480,1030,274,64754,62702,0,0,178463,9990,8365972,0,0,0,0,5366,97,4089244,33,118,0,0,0,0,0,0,1,114265,5954,0,770,5148,0,0,0,0,0,302,2826,0,0,0,0,0,0,0,0,0,0,0,0,0,0,0,0,0,0,0,253624,243212,0,243212,0,0,0,0,0,0,205227,0,26399,196684,243212,61574,114084,0,241782,32209,0,78362,243212,0,243212,28703,0,0,0,0,0,0,0,0,0,792,157950,0,0,1430,0,0,0,0,54335,5587,3248,0,0,1430,513,0,7653,5720,2038,0,0,0,0,0,0,0,16,0,2500,0,0,0,3029,0,46528,0,151194,36347,1056,5058,0,0,0,0,0,0,0,0,0,0,0,0,0,0,0,0,0,0,0,0,0,0,0,0,0,0,0,0,0,0,0,0,0,0,0,0,0,0,0,0,0,0,0,0,0,0,0,0,8,0,0,0,0,0,0,0,0,0,0,0,0,0,3033,0,1021,162,2952,5734,0,171,58,4,0,2072,27720,7112,0,0,2537,673,1299,638,1066,749,912
719,57352,59734811,0,0,0,19851,1071,274,64746,62702,0,0,178677,9990,8365972,0,0,0,0,7091,97,4089244,34,118,0,0,0,0,0,0,1,114265,5957,0,771,5148,0,0,0,0,0,302,2826,0,0,0,0,0,0,0,0,0,0,0,0,0,0,0,0,0,0,0,253914,243486,0,243486,0,0,0,0,0,0,205454,0,26441,196901,243486,61647,114265,0,242054,32232,0,78432,243486,0,243486,28784,0,0,0,0,0,0,0,0,0,793,158074,0,0,1432,0,0,0,0,54444,5594,3252,0,0,1432,513,0,7658,5728,2038,0,0,0,0,0,0,0,16,0,2512,0,0,0,3041,0,46585,0,151318,36422,1056,5064,0,0,0,0,0,0,0,0,0,0,0,0,0,0,0,0,0,0,0,0,0,0,0,0,0,0,0,0,0,0,0,0,0,0,0,0,0,0,0,0,0,0,0,0,0,0,0,0,8,0,0,0,0,0,0,0,0,0,0,0,0,0,3321,0,1090,165,2922,5532,0,181,64,4,0,2093,27943,7139,0,0,2515,671,1306,630,1103,722,931
720,52058,59767914,0,0,0,19370,1084,274,64726,62702,0,0,178891,9990,8365972,0,0,0,0,4800,97,4089244,30,118,0,0,0,0,0,0,1,114288,5957,0,771,5148,0,0,0,0,0,302,2826,0,0,0,0,0,0,0,0,0,0,0,0,0,0,0,0,0,0,0,254204,243760,0,243760,0,0,0,0,0,0,205681,0,26483,197118,243760,61720,114446,0,242326,32255,0,78502,243760,0,243760,28865,0,0,0,0,0,0,0,0,0,794,158198,0,0,1434,0,0,0,0,54553,5601,3256,0,0,1434,513,0,7663,5736,2038,0,0,0,0,0,0,0,16,0,2524,0,0,0,3053,0,46642,0,151442,36497,1056,5070,0,0,0,0,0,0,0,0,0,0,0,0,0,0,0,0,0,0,0,0,0,0,0,0,0,0,0,0,0,0,0,0,0,0,0,0,0,0,0,0,0,0,0,0,0,0,0,0,8,0,0,0,0,0,0,0,0,0,0,0,0,0,3040,0,1057,217,3072,5098,0,146,64,6,0,2010,27022,7007,0,0,2508,665,1268,615,1065,697,1095
721,54650,59800369,0,0,0,19470,1020,273,64702,62702,0,0,179105,9990,8365972,0,0,0,0,1836,97,4089244,31,118,0,0,0,0,0,0,1,114310,5957,0,771,5148,0,0,0,0,0,302,2826,0,0,0,0,0,0,0,0,0,0,0,0,0,0,0,0,0,0,0,254493,244033,0,244033,0,0,0,0,0,0,205908,0,26524,197335,244033,61793,114626,0,242597,32278,0,78572,244033,0,244033,28946,0,0,0,0,0,0,0,0,0,795,158322,0,0,1436,0,0,0,0,54662,5608,3260,0,0,1436,513,0,7667,5744,2038,0,0,0,0,0,0,0,16,0,2536,0,0,0,3065,0,46698,0,151566,36572,1056,5076,0,0,0,0,0,0,0,0,0,0,0,0,0,0,0,0,0,0,0,0,0,0,0,0,0,0,0,0,0,0,0,0,0,0,0,0,0,0,0,0,0,0,0,0,0,0,0,0,8,0,0,0,0,0,0,0,0,0,0,0,0,0,2904,0,1106,142,2865,5315,0,163,58,3,0,1964,26534,6821,0,0,2475,675,1224,598,1039,771,868
722,50001,59832752,0,0,0,19216,1019,273,64690,62702,0,0,179319,9990,8365972,0,0,0,0,2063,97,4089244,31,118,0,0,0,0,0,0,1,114332,5957,0,771,5148,0,0,0,0,0,302,2826,0,0,0,0,0,0,0,0,0,0,0,0,0,0,0,0,0,0,0,254782,244306,0,244306,0,0,0,0,0,0,206135,0,26565,197552,244306,61866,114806,0,242868,32301,0,78642,244306,0,244306,29027,0,0,0,0,0,0,0,0,0,796,158446,0,0,1438,0,0,0,0,54771,5615,3264,0,0,1438,513,0,7671,5752,2038,0,0,0,0,0,0,0,16,0,2548,0,0,0,3077,0,46754,0,151690,36647,1056,5082,0,0,0,0,0,0,0,0,0,0,0,0,0,0,0,0,0,0,0,0,0,0,0,0,0,0,0,0,0,0,0,0,0,0,0,0,0,0,0,0,0,0,0,0,0,0,0,0,8,0,0,0,0,0,0,0,0,0,0,0,0,0,2877,0,1002,168,2802,5328,0,158,52,4,0,1968,26471,6892,0,0,2452,656,1240,636,1030,708,879
723,91558,59866714,0,0,0,20142,1037,287,69733,67753,0,0,179547,9990,8365972,0,0,0,0,1759,97,4089244,35,118,0,0,0,0,0,0,1,114354,5957,0,771,5148,0,0,0,0,0,302,2826,0,0,0,0,0,0,0,0,0,0,0,0,0,0,0,0,0,0,0,255085,244593,0,244593,0,0,0,0,0,0,206376,0,26606,197783,244593,61939,114997,0,243153,32324,0,78712,244593,0,244593,29121,0,0,0,0,0,0,0,0,0,797,158571,0,0,1440,0,0,0,0,54893,5622,3268,0,0,1440,513,0,7675,5760,2038,0,0,0,0,0,0,0,16,0,2560,0,0,0,3089,0,46810,0,151815,36735,1056,5088,0,0,0,0,0,0,0,0,0,0,0,0,0,0,0,0,0,0,0,0,0,0,0,0,0,0,0,0,0,0,0,0,0,0,0,0,0,0,0,0,0,0,0,0,0,0,0,0,8,0,0,0,0,0,0,0,0,0,0,0,0,0,2850,0,1079,141,3085,5404,0,3169,50,5,0,2099,27773,7250,0,0,2550,710,1332,623,1027,777,969
724,52351,59901870,0,0,0,21641,4068,295,69924,67894,0,0,179776,9990,8365972,0,0,0,0,1966,97,4089244,31,118,0,0,0,0,0,0,1,114376,5957,0,771,5148,0,0,0,0,0,302,2826,0,0,0,0,0,0,0,0,0,0,0,0,0,0,0,0,0,0,0,255396,244888,0,244888,0,0,0,0,0,0,206626,0,26646,198023,244888,62019,115192,0,243446,32347,0,78782,244888,0,244888,29215,0,0,0,0,0,0,0,0,0,798,158705,0,0,1442,0,0,0,0,55015,5629,3272,0,0,1442,513,0,7678,5768,2038,0,0,0,0,0,0,0,16,0,2572,0,0,0,3101,0,46865,0,151949,36823,1056,5094,0,0,0,0,0,0,0,0,0,0,0,0,0,0,0,0,0,0,0,0,0,0,0,0,0,0,0,0,0,0,0,0,0,0,0,0,0,0,0,0,0,0,0,0,0,0,0,0,8,0,0,0,0,0,0,0,0,0,0,0,0,0,3260,0,1035,139,3086,5357,0,148,65,4,0,2078,28640,7792,0,0,2748,738,1464,699,1115,772,971
725,64972,59936718,0,0,0,20977,1022,295,69924,67894,0,0,180005,9990,8365972,0,0,0,0,1647,97,4089244,35,118,0,0,0,0,0,0,1,114398,5957,0,771,5148,0,0,0,0,0,302,2826,0,0,0,0,0,0,0,0,0,0,0,0,0,0,0,0,0,0,0,255707,245183,0,245183,0,0,0,0,0,0,206876,0,26686,198263,245183,62099,115387,0,243739,32370,0,78852,245183,0,245183,29309,0,0,0,0,0,0,0,0,0,799,158839,0,0,1444,0,0,0,0,55137,5636,3276,0,0,1444,513,0,7681,5776,2038,0,0,0,0,0,0,0,16,0,2584,0,0,0,3113,0,46920,0,152083,36911,1056,5100,0,0,0,0,0,0,0,0,0,0,0,0,0,0,0,0,0,0,0,0,0,0,0,0,0,0,0,0,0,0,0,0,0,0,0,0,0,0,0,0,0,0,0,0,0,0,0,0,8,0,0,0,0,0,0,0,0,0,0,0,0,0,3230,0,1058,142,3051,5422,0,160,58,5,0,2077,28383,7566,0,0,2719,706,1393,731,1101,756,936
726,76765,59972838,0,0,0,20415,1021,295,69924,67894,0,0,180234,9990,8365972,0,0,0,0,2081,97,4089244,32,118,0,0,0,0,0,0,1,114420,5957,0,771,5148,0,0,0,0,0,302,2826,0,0,0,0,0,0,0,0,0,0,0,0,0,0,0,0,0,0,0,256018,245478,0,245478,0,0,0,0,0,0,207126,0,26726,198503,245478,62179,115582,0,244032,32393,0,78922,245478,0,245478,29403,0,0,0,0,0,0,0,0,0,800,158973,0,0,1446,0,0,0,0,55259,5643,3280,0,0,1446,513,0,7684,5784,2038,0,0,0,0,0,0,0,16,0,2596,0,0,0,3125,0,46975,0,152217,36999,1056,5106,0,0,0,0,0,0,0,0,0,0,0,0,0,0,0,0,0,0,0,0,0,0,0,0,0,0,0,0,0,0,0,0,0,0,0,0,0,0,0,0,0,0,0,0,0,0,0,0,8,0,0,0,0,0,0,0,0,0,0,0,0,0,3283,0,1080,144,3172,5834,0,164,61,4,0,2237,29565,7759,0,0,2719,738,1394,659,1255,774,1033
727,56764,60007420,0,0,0,21012,1027,294,69710,67684,0,0,180462,9990,8365972,0,0,0,0,1715,97,4089244,31,118,0,0,0,0,0,0,1,114442,5957,0,771,5148,0,0,0,0,0,302,2826,0,0,0,0,0,0,0,0,0,0,0,0,0,0,0,0,0,0,0,256328,245772,0,245772,0,0,0,0,0,0,207375,0,26766,198742,245772,62259,115777,0,244324,32416,0,78992,245772,0,245772,29497,0,0,0,0,0,0,0,0,0,801,159106,0,0,1448,0,0,0,0,55381,5650,3284,0,0,1448,513,0,7687,5792,2038,0,0,0,0,0,0,0,16,0,2608,0,0,0,3137,0,47030,0,152350,37087,1056,5112,0,0,0,0,0,0,0,0,0,0,0,0,0,0,0,0,0,0,0,0,0,0,0,0,0,0,0,0,0,0,0,0,0,0,0,0,0,0,0,0,0,0,0,0,0,0,0,0,8,0,0,0,0,0,0,0,0,0,0,0,0,0,3156,0,1023,144,3146,5267,0,148,64,3,0,2090,28127,7465,0,0,2675,702,1368,657,1104,770,936
728,56436,60043498,0,0,0,21971,1017,297,69944,67894,0,0,180691,9990,8365972,0,0,0,0,2097,97,4089244,36,118,0,0,0,0,0,0,1,114464,5957,0,771,5148,0,0,0,0,0,302,2826,0,0,0,0,0,0,0,0,0,0,0,0,0,0,0,0,0,0,0,256641,246069,0,246069,0,0,0,0,0,0,207625,0,26808,198982,246069,62341,115974,0,244619,32439,0,79062,246069,0,246069,29591,0,0,0,0,0,0,0,0,0,802,159240,0,0,1450,0,0,0,0,55503,5657,3288,0,0,1450,513,0,7692,5800,2038,0,0,0,0,0,0,0,16,0,2620,0,0,0,3149,0,47087,0,152484,37175,1056,5118,0,0,0,0,0,0,0,0,0,0,0,0,0,0,0,0,0,0,0,0,0,0,0,0,0,0,0,0,0,0,0,0,0,0,0,0,0,0,0,0,0,0,0,0,0,0,0,0,8,0,0,0,0,0,0,0,0,0,0,0,0,0,3264,0,1173,152,3223,6148,0,201,62,4,0,2068,29591,7584,0,0,2739,707,1358,687,1165,768,1117
729,83988,60092621,0,0,0,33821,1134,298,69952,67894,1,10752,180920,9990,8365972,0,0,0,0,1813,97,4089244,34,118,0,0,0,0,0,0,1,114485,5957,0,771,5149,0,0,0,0,0,302,2826,0,0,0,0,0,0,0,0,0,0,0,0,0,0,0,0,0,0,0,256956,246367,0,246367,0,0,0,0,0,0,207875,0,26851,199222,246367,62424,116172,0,244915,32462,0,79132,246367,0,246367,29685,0,0,0,0,0,0,0,0,0,803,159374,0,0,1452,0,0,0,0,55625,5664,3292,0,0,1452,513,0,7698,5808,2038,0,0,0,0,0,0,0,16,0,2632,0,0,0,3161,0,47145,0,152618,37263,1056,5124,0,0,0,0,0,0,0,0,0,0,0,0,0,0,0,0,0,0,0,0,0,0,0,0,0,0,0,0,0,0,0,0,0,0,0,0,0,0,0,0,0,0,0,0,0,0,0,0,8,0,0,0,0,0,0,0,0,0,0,0,0,0,3312,0,14396,163,3140,5747,0,156,63,4,0,2108,42576,7672,0,0,2762,728,1401,674,1148,781,991
730,53972,60128982,0,0,0,20681,1006,297,69742,67684,0,0,181148,9990,8365972,0,0,0,0,1745,97,4089244,34,118,0,0,0,0,0,0,1,114508,5957,0,771,5149,0,0,0,0,0,302,2826,0,0,0,0,0,0,0,0,0,0,0,0,0,0,0,0,0,0,0,257270,246664,0,246664,0,0,0,0,0,0,208124,0,26894,199461,246664,62507,116370,0,245210,32485,0,79202,246664,0,246664,29779,0,0,0,0,0,0,0,0,0,804,159507,0,0,1454,0,0,0,0,55747,5671,3296,0,0,1454,513,0,7704,5816,2038,0,0,0,0,0,0,0,16,0,2644,0,0,0,3173,0,47203,0,152751,37351,1056,5130,0,0,0,0,0,0,0,0,0,0,0,0,0,0,0,0,0,0,0,0,0,0,0,0,0,0,0,0,0,0,0,0,0,0,0,0,0,0,0,0,0,0,0,0,0,0,0,0,8,0,0,0,0,0,0,0,0,0,0,0,0,0,3293,0,1072,156,3330,5784,0,251,66,4,0,2133,29875,7868,0,0,2890,783,1411,713,1164,810,1122
731,56716,60164747,0,0,0,21372,1127,307,74647,72611,0,0,181388,9990,8365972,0,0,0,0,1630,97,4089244,30,118,0,0,0,0,0,0,1,114530,5957,0,771,5149,0,0,0,0,0,302,2826,0,0,0,0,0,0,0,0,0,0,0,0,0,0,0,0,0,0,0,257594,246971,0,246971,0,0,0,0,0,0,208385,0,26935,199712,246971,62588,116577,0,245515,32508,0,79272,246971,0,246971,29886,0,0,0,0,0,0,0,0,0,805,159639,0,0,1456,0,0,0,0,55882,5678,3300,0,0,1456,513,0,7708,5824,2038,0,0,0,0,0,0,0,16,0,2656,0,0,0,3185,0,47259,0,152883,37452,1056,5136,0,0,0,0,0,0,0,0,0,0,0,0,0,0,0,0,0,0,0,0,0,0,0,0,0,0,0,0,0,0,0,0,0,0,0,0,0,0,0,0,0,0,0,0,0,0,0,0,8,0,0,0,0,0,0,0,0,0,0,0,0,0,3129,0,1033,143,3320,5546,0,153,61,4,0,2131,29262,7791,0,0,2786,773,1436,683,1083,819,1126
732,53138,60200587,0,0,0,21369,1084,307,74647,72611,0,0,181628,9990,8365972,0,0,0,0,1993,97,4089244,37,118,0,0,0,0,0,0,1,114553,5957,0,771,5149,0,0,0,0,0,302,2826,0,0,0,0,0,0,0,0,0,0,0,0,0,0,0,0,0,0,0,257918,247278,0,247278,0,0,0,0,0,0,208646,0,26976,199963,247278,62669,116784,0,245820,32531,0,79342,247278,0,247278,29993,0,0,0,0,0,0,0,0,0,806,159771,0,0,1458,0,0,0,0,56017,5685,3304,0,0,1458,513,0,7712,5832,2038,0,0,0,0,0,0,0,16,0,2668,0,0,0,3197,0,47315,0,153015,37553,1056,5142,0,0,0,0,0,0,0,0,0,0,0,0,0,0,0,0,0,0,0,0,0,0,0,0,0,0,0,0,0,0,0,0,0,0,0,0,0,0,0,0,0,0,0,0,0,0,0,0,8,0,0,0,0,0,0,0,0,0,0,0,0,0,3171,0,1102,143,3225,5744,0,193,60,5,0,2136,29362,7725,0,0,2740,749,1437,685,1095,814,1021
733,76374,60237331,0,0,0,22092,1151,307,74817,72775,0,0,181868,9990,8365972,0,0,0,0,1651,97,4089244,30,118,0,0,0,0,0,0,1,114571,5957,0,771,5149,0,0,0,0,0,302,2826,0,0,0,0,0,0,0,0,0,0,0,0,0,0,0,0,0,0,0,258242,247585,0,247585,0,0,0,0,0,0,208908,0,27017,200215,247585,62749,116991,0,246125,32554,0,79412,247585,0,247585,30100,0,0,0,0,0,0,0,0,0,807,159903,0,0,1460,0,0,0,0,56152,5692,3308,0,0,1460,513,0,7716,5840,2038,0,0,0,0,0,0,0,16,0,2680,0,0,0,3209,0,47370,0,153148,37654,1056,5148,0,0,0,0,0,0,0,0,0,0,0,0,0,0,0,0,0,0,0,0,0,0,0,0,0,0,0,0,0,0,0,0,0,0,0,0,0,0,0,0,0,0,0,0,0,0,0,0,8,0,0,0,0,0,0,0,0,0,0,0,0,0,3276,0,1106,162,3412,5781,0,162,60,4,0,2162,30045,7752,0,0,2760,723,1437,689,1106,920,1055
734,52734,60272957,0,0,0,21514,1048,304,74613,72571,0,0,182106,9990,8365972,0,0,0,0,2142,97,4089244,31,118,0,0,0,0,0,0,1,114593,5957,0,771,5149,0,0,0,0,0,302,2826,0,0,0,0,0,0,0,0,0,0,0,0,0,0,0,0,0,0,0,258562,247889,0,247889,0,0,0,0,0,0,209168,0,27057,200465,247889,62828,117196,0,246427,32576,0,79480,247889,0,247889,30207,0,0,0,0,0,0,0,0,0,808,160035,0,0,1462,0,0,0,0,56285,5699,3312,0,0,1462,513,0,7719,5848,2038,0,0,0,0,0,0,0,16,0,2692,0,0,0,3221,0,47424,0,153279,37755,1056,5154,0,0,0,0,0,0,0,0,0,0,0,0,0,0,0,0,0,0,0,0,0,0,0,0,0,0,0,0,0,0,0,0,0,0,0,0,0,0,0,0,0,0,0,0,0,0,0,0,8,0,0,0,0,0,0,0,0,0,0,0,0,0,3304,0,1039,151,3158,5507,0,146,61,9,0,2291,29267,7838,0,0,2824,732,1466,777,1100,793,987
735,56627,60309738,0,0,0,21825,1081,305,74809,72761,0,0,182345,9990,8365972,0,0,0,0,1720,97,4089244,33,118,0,0,0,0,0,0,1,114615,5957,0,771,5149,0,0,0,0,0,302,2826,0,0,0,0,0,0,0,0,0,0,0,0,0,0,0,0,0,0,0,258883,248194,0,248194,0,0,0,0,0,0,209429,0,27097,200716,248194,62907,117402,0,246730,32599,0,79550,248194,0,248194,30314,0,0,0,0,0,0,0,0,0,809,160168,0,0,1464,0,0,0,0,56418,5706,3316,0,0,1464,513,0,7722,5856,2038,0,0,0,0,0,0,0,16,0,2704,0,0,0,3233,0,47478,0,153411,37856,1056,5160,0,0,0,0,0,0,0,0,0,0,0,0,0,0,0,0,0,0,0,0,0,0,0,0,0,0,0,0,0,0,0,0,0,0,0,0,0,0,0,0,0,0,0,0,0,0,0,0,8,0,0,0,0,0,0,0,0,0,0,0,0,0,3229,0,1011,144,3522,6138,0,162,64,7,0,2137,30213,7800,0,0,2841,735,1436,702,1113,825,1230
736,60932,60345410,0,0,0,21053,1030,304,74784,72732,0,0,182583,9990,8365972,0,0,0,0,2178,97,4089244,52,118,0,0,0,0,0,0,1,114636,5957,0,771,5149,0,0,0,0,0,302,2826,0,0,0,0,0,0,0,0,0,0,0,0,0,0,0,0,0,0,0,259203,248498,0,248498,0,0,0,0,0,0,209689,0,27137,200966,248498,62985,117607,0,247032,32622,0,79620,248498,0,248498,30421,0,0,0,0,0,0,0,0,0,810,160300,0,0,1466,0,0,0,0,56551,5713,3320,0,0,1466,513,0,7725,5864,2038,0,0,0,0,0,0,0,16,0,2716,0,0,0,3245,0,47532,0,153542,37957,1056,5166,0,0,0,0,0,0,0,0,0,0,0,0,0,0,0,0,0,0,0,0,0,0,0,0,0,0,0,0,0,0,0,0,0,0,0,0,0,0,0,0,0,0,0,0,0,0,0,0,8,0,0,0,0,0,0,0,0,0,0,0,0,0,3194,0,1035,146,3143,5571,0,176,62,3,0,2136,28935,7648,0,0,2720,756,1403,674,1092,812,987
737,75548,60382712,0,0,0,22605,1086,308,74849,72703,0,0,182820,9990,8365972,0,0,0,0,1830,97,4089244,33,118,0,0,0,0,0,0,1,114660,5957,0,771,5149,0,0,0,0,0,302,2826,0,0,0,0,0,0,0,0,0,0,0,0,0,0,0,0,0,0,0,259527,248806,0,248806,0,0,0,0,0,0,209949,0,27182,201215,248806,63065,117816,0,247338,32645,0,79691,248806,0,248806,30528,0,0,0,0,0,0,0,0,0,811,160431,0,0,1468,0,0,0,0,56685,5720,3324,0,0,1468,513,0,7732,5872,2038,0,0,0,0,0,0,0,16,0,2728,0,0,0,3257,0,47591,0,153672,38058,1056,5172,0,0,0,0,0,0,0,0,0,0,0,0,0,0,0,0,0,0,0,0,0,0,0,0,0,0,0,0,0,0,0,0,0,0,0,0,0,0,0,0,0,0,0,0,0,0,0,0,8,0,0,0,0,0,0,0,0,0,0,0,0,0,3459,0,1054,150,3575,5955,0,164,63,4,0,2171,30606,8027,0,0,2910,756,1525,699,1107,826,1277
# native_model_census_v1 examples_scope=process_start; rejection reasons overlap; per-row counters are coherent cumulative producer observations
# native_model_example kind=reason index=4 frame=2 view=3 previous_view=3 flags=3566 rejects=332176 transport_rejects=0 program=1047965833 program_kind=4 texconfig=33 texture_mask=63 stream_mask=15 modifier_mask=0 vertices=159 streams=4 primitive=0 list_bytes=1280
# native_model_example kind=reason index=6 frame=2 view=11 previous_view=11 flags=3582 rejects=374608 transport_rejects=0 program=25765218 program_kind=2 texconfig=1 texture_mask=63 stream_mask=13 modifier_mask=132 vertices=4 streams=3 primitive=3 list_bytes=0
# native_model_example kind=reason index=7 frame=2 view=3 previous_view=3 flags=4094 rejects=332160 transport_rejects=0 program=4566101 program_kind=6 texconfig=1 texture_mask=63 stream_mask=15 modifier_mask=0 vertices=261 streams=4 primitive=0 list_bytes=2112
# native_model_example kind=reason index=8 frame=2 view=2 previous_view=2 flags=4094 rejects=333056 transport_rejects=0 program=25765218 program_kind=2 texconfig=1 texture_mask=63 stream_mask=15 modifier_mask=0 vertices=381 streams=4 primitive=1 list_bytes=3072
# native_model_example kind=reason index=9 frame=2 view=3 previous_view=3 flags=3310 rejects=332544 transport_rejects=0 program=25765218 program_kind=2 texconfig=1 texture_mask=63 stream_mask=15 modifier_mask=0 vertices=27 streams=4 primitive=0 list_bytes=224
# native_model_example kind=reason index=10 frame=2 view=2 previous_view=2 flags=4094 rejects=333056 transport_rejects=0 program=25765218 program_kind=2 texconfig=1 texture_mask=63 stream_mask=15 modifier_mask=0 vertices=381 streams=4 primitive=1 list_bytes=3072
# native_model_example kind=reason index=12 frame=2 view=2 previous_view=2 flags=4094 rejects=333056 transport_rejects=0 program=25765218 program_kind=2 texconfig=1 texture_mask=63 stream_mask=15 modifier_mask=0 vertices=381 streams=4 primitive=1 list_bytes=3072
# native_model_example kind=reason index=13 frame=2 view=3 previous_view=3 flags=3424 rejects=373136 transport_rejects=0 program=1047965833 program_kind=4 texconfig=49 texture_mask=63 stream_mask=143 modifier_mask=132 vertices=99 streams=5 primitive=0 list_bytes=1024
# native_model_example kind=reason index=15 frame=2 view=3 previous_view=3 flags=3424 rejects=365968 transport_rejects=0 program=1047965833 program_kind=4 texconfig=49 texture_mask=63 stream_mask=143 modifier_mask=32 vertices=116 streams=5 primitive=1 list_bytes=1184
# native_model_example kind=reason index=16 frame=2 view=2 previous_view=2 flags=4094 rejects=333056 transport_rejects=0 program=25765218 program_kind=2 texconfig=1 texture_mask=63 stream_mask=15 modifier_mask=0 vertices=381 streams=4 primitive=1 list_bytes=3072
# native_model_example kind=reason index=18 frame=2 view=2 previous_view=2 flags=4094 rejects=333056 transport_rejects=0 program=25765218 program_kind=2 texconfig=1 texture_mask=63 stream_mask=15 modifier_mask=0 vertices=381 streams=4 primitive=1 list_bytes=3072
# native_model_example kind=reason index=19 frame=2 view=6 previous_view=6 flags=4094 rejects=857488 transport_rejects=0 program=1047965833 program_kind=4 texconfig=33 texture_mask=63 stream_mask=4111 modifier_mask=0 vertices=797 streams=5 primitive=1 list_bytes=7200
# native_model_example kind=view index=2 frame=2 view=2 previous_view=2 flags=4094 rejects=333056 transport_rejects=0 program=25765218 program_kind=2 texconfig=1 texture_mask=63 stream_mask=15 modifier_mask=0 vertices=381 streams=4 primitive=1 list_bytes=3072
# native_model_example kind=view index=3 frame=2 view=3 previous_view=3 flags=4094 rejects=332160 transport_rejects=0 program=4566101 program_kind=6 texconfig=1 texture_mask=63 stream_mask=15 modifier_mask=0 vertices=261 streams=4 primitive=0 list_bytes=2112
# native_model_example kind=view index=6 frame=2 view=6 previous_view=6 flags=4094 rejects=857488 transport_rejects=0 program=1047965833 program_kind=4 texconfig=33 texture_mask=63 stream_mask=4111 modifier_mask=0 vertices=797 streams=5 primitive=1 list_bytes=7200
# native_model_example kind=view index=11 frame=2 view=11 previous_view=11 flags=4094 rejects=332544 transport_rejects=0 program=25765218 program_kind=2 texconfig=1 texture_mask=63 stream_mask=15 modifier_mask=0 vertices=12 streams=4 primitive=0 list_bytes=128
# native_model_example kind=view index=12 frame=2 view=12 previous_view=12 flags=4094 rejects=366400 transport_rejects=0 program=25765218 program_kind=2 texconfig=1 texture_mask=63 stream_mask=13 modifier_mask=1 vertices=4 streams=3 primitive=3 list_bytes=0
# native_model_example kind=view index=13 frame=2 view=13 previous_view=13 flags=4094 rejects=364816 transport_rejects=0 program=25765218 program_kind=2 texconfig=1 texture_mask=63 stream_mask=15 modifier_mask=1 vertices=1254 streams=4 primitive=0 list_bytes=10048
# native_model_example kind=view index=16 frame=2 view=16 previous_view=16 flags=4094 rejects=329040 transport_rejects=0 program=25765218 program_kind=2 texconfig=1 texture_mask=63 stream_mask=13 modifier_mask=0 vertices=768 streams=3 primitive=1 list_bytes=0
# native_model_example kind=view index=17 frame=2 view=17 previous_view=17 flags=4094 rejects=333760 transport_rejects=0 program=356995201 program_kind=0 texconfig=1 texture_mask=63 stream_mask=13 modifier_mask=0 vertices=4 streams=3 primitive=3 list_bytes=0
# native_model_example kind=view index=19 frame=2 view=19 previous_view=19 flags=4094 rejects=333632 transport_rejects=0 program=25765218 program_kind=2 texconfig=1 texture_mask=63 stream_mask=13 modifier_mask=0 vertices=32 streams=3 primitive=3 list_bytes=0
# native_model_example kind=view index=20 frame=2 view=20 previous_view=20 flags=4094 rejects=333632 transport_rejects=0 program=25765218 program_kind=2 texconfig=1 texture_mask=63 stream_mask=13 modifier_mask=0 vertices=4 streams=3 primitive=3 list_bytes=0
# native_model_example kind=view index=21 frame=2 view=21 previous_view=21 flags=4094 rejects=333632 transport_rejects=0 program=25765218 program_kind=2 texconfig=1 texture_mask=63 stream_mask=13 modifier_mask=0 vertices=4 streams=3 primitive=3 list_bytes=0
# native_model_example kind=view index=29 frame=511 view=29 previous_view=29 flags=4094 rejects=333760 transport_rejects=0 program=356995201 program_kind=0 texconfig=1 texture_mask=63 stream_mask=13 modifier_mask=0 vertices=4 streams=3 primitive=3 list_bytes=0
# native_model_example kind=view index=31 frame=2 view=31 previous_view=31 flags=4094 rejects=333760 transport_rejects=0 program=356995201 program_kind=0 texconfig=1 texture_mask=63 stream_mask=13 modifier_mask=0 vertices=4 streams=3 primitive=3 list_bytes=0
